#
# There is insufficient memory for the Java Runtime Environment to continue.
# Native memory allocation (mmap) failed to map 65536 bytes for Failed to commit metaspace.
# Possible reasons:
#   The system is out of physical RAM or swap space
#   The process is running with CompressedOops enabled, and the Java Heap may be blocking the growth of the native heap
# Possible solutions:
#   Reduce memory load on the system
#   Increase physical memory or swap space
#   Check if swap backing store is full
#   Decrease Java heap size (-Xmx/-Xms)
#   Decrease number of Java threads
#   Decrease Java thread stack sizes (-Xss)
#   Set larger code cache with -XX:ReservedCodeCacheSize=
#   JVM is running with Zero Based Compressed Oops mode in which the Java heap is
#     placed in the first 32GB address space. The Java Heap base address is the
#     maximum limit for the native heap growth. Please use -XX:HeapBaseMinAddress
#     to set the Java Heap base and to place the Java Heap above 32GB virtual address.
# This output file may be truncated or incomplete.
#
#  Out of Memory Error (virtualSpaceNode.cpp:112), pid=24000, tid=13880
#
# JRE version: Java(TM) SE Runtime Environment (21.0.4+8) (build 21.0.4+8-LTS-274)
# Java VM: Java HotSpot(TM) 64-Bit Server VM (21.0.4+8-LTS-274, mixed mode, sharing, tiered, compressed oops, compressed class ptrs, g1 gc, windows-amd64)
# No core dump will be written. Minidumps are not enabled by default on client versions of Windows
#

---------------  S U M M A R Y ------------

Command Line: -Dfile.encoding=UTF-8 -Dstdout.encoding=UTF-8 -Dstderr.encoding=UTF-8 -XX:+ShowCodeDetailsInExceptionMessages com.hackthon.HackthonApplication

Host: Intel(R) Core(TM) i7-6600U CPU @ 2.60GHz, 4 cores, 15G,  Windows 10 , 64 bit Build 19041 (10.0.19041.5915)
Time: Sat May 16 12:55:33 2026 Maroc (heure d64 bit Build 19041 (10.0.19041.5915) elapsed time: 853.151669 seconds (0d 0h 14m 13s)

---------------  T H R E A D  ---------------

Current thread (0x000001f6f3225a10):  JavaThread "http-nio-8080-exec-3" daemon [_thread_in_vm, id=13880, stack(0x0000005770700000,0x0000005770800000) (1024K)]

Stack: [0x0000005770700000,0x0000005770800000]
Native frames: (J=compiled Java code, j=interpreted, Vv=VM code, C=native code)
V  [jvm.dll+0x6c8e59]
V  [jvm.dll+0x853181]
V  [jvm.dll+0x8556ae]
V  [jvm.dll+0x855d83]
V  [jvm.dll+0x27d526]
V  [jvm.dll+0x84edae]
V  [jvm.dll+0x66cc05]
V  [jvm.dll+0x1e3afc]
V  [jvm.dll+0x1e38ce]
V  [jvm.dll+0x66f533]
V  [jvm.dll+0x66f352]
V  [jvm.dll+0x66d5de]
V  [jvm.dll+0x267a0f]
V  [jvm.dll+0x677955]
V  [jvm.dll+0x214801]
V  [jvm.dll+0x214c8a]
V  [jvm.dll+0x2156b1]
V  [jvm.dll+0x20ab4e]
V  [jvm.dll+0x5ac19c]
V  [jvm.dll+0x7cd4b6]
V  [jvm.dll+0x46faf6]
V  [jvm.dll+0x475978]
C  [java.dll+0x17ec]

Java frames: (J=compiled Java code, j=interpreted, Vv=VM code)
J 1069  java.lang.ClassLoader.defineClass1(Ljava/lang/ClassLoader;Ljava/lang/String;[BIILjava/security/ProtectionDomain;Ljava/lang/String;)Ljava/lang/Class; java.base@21.0.4 (0 bytes) @ 0x000001f6def73071 [0x000001f6def72fa0+0x00000000000000d1]
J 10056 c2 java.lang.ClassLoader.defineClass(Ljava/lang/String;[BIILjava/security/ProtectionDomain;)Ljava/lang/Class; java.base@21.0.4 (43 bytes) @ 0x000001f6df489d00 [0x000001f6df489060+0x0000000000000ca0]
J 7333 c1 java.security.SecureClassLoader.defineClass(Ljava/lang/String;[BIILjava/security/CodeSource;)Ljava/lang/Class; java.base@21.0.4 (16 bytes) @ 0x000001f6d772b66c [0x000001f6d772b5c0+0x00000000000000ac]
J 4546 c2 jdk.internal.loader.BuiltinClassLoader.findClassOnClassPathOrNull(Ljava/lang/String;)Ljava/lang/Class; java.base@21.0.4 (64 bytes) @ 0x000001f6df179220 [0x000001f6df1779e0+0x0000000000001840]
J 2518 c2 jdk.internal.loader.BuiltinClassLoader.loadClassOrNull(Ljava/lang/String;Z)Ljava/lang/Class; java.base@21.0.4 (143 bytes) @ 0x000001f6df028704 [0x000001f6df027e00+0x0000000000000904]
J 4573 c2 jdk.internal.loader.ClassLoaders$AppClassLoader.loadClass(Ljava/lang/String;Z)Ljava/lang/Class; java.base@21.0.4 (40 bytes) @ 0x000001f6def7f104 [0x000001f6def7f0c0+0x0000000000000044]
J 4802 c2 java.lang.ClassLoader.loadClass(Ljava/lang/String;)Ljava/lang/Class; java.base@21.0.4 (7 bytes) @ 0x000001f6def5196c [0x000001f6def51920+0x000000000000004c]
v  ~StubRoutines::call_stub 0x000001f6de97100d
j  org.hibernate.bytecode.enhance.spi.LazyPropertyInitializer.<clinit>()V+0
v  ~StubRoutines::call_stub 0x000001f6de97100d
j  org.hibernate.persister.entity.AbstractEntityPersister.setPropertyValues(Ljava/lang/Object;[Ljava/lang/Object;)V+131
j  org.hibernate.sql.results.graph.entity.AbstractEntityInitializer.initializeEntityInstance(Ljava/lang/Object;Lorg/hibernate/sql/results/jdbc/spi/RowProcessingState;)V+127
j  org.hibernate.sql.results.graph.entity.AbstractEntityInitializer.initializeEntity(Ljava/lang/Object;Lorg/hibernate/sql/results/jdbc/spi/RowProcessingState;)V+35
j  org.hibernate.sql.results.graph.entity.AbstractEntityInitializer.initializeInstance(Lorg/hibernate/sql/results/jdbc/spi/RowProcessingState;)V+26
j  org.hibernate.sql.results.internal.InitializersList.initializeInstance(Lorg/hibernate/sql/results/jdbc/spi/RowProcessingState;)V+26
j  org.hibernate.sql.results.internal.StandardRowReader.coordinateInitializers(Lorg/hibernate/sql/results/jdbc/spi/RowProcessingState;)V+21
j  org.hibernate.sql.results.internal.StandardRowReader.readRow(Lorg/hibernate/sql/results/jdbc/spi/RowProcessingState;Lorg/hibernate/sql/results/jdbc/spi/JdbcValuesSourceProcessingOptions;)Ljava/lang/Object;+10
j  org.hibernate.sql.results.spi.ListResultsConsumer.consume(Lorg/hibernate/sql/results/jdbc/spi/JdbcValues;Lorg/hibernate/engine/spi/SharedSessionContractImplementor;Lorg/hibernate/sql/results/jdbc/spi/JdbcValuesSourceProcessingOptions;Lorg/hibernate/sql/results/jdbc/internal/JdbcValuesSourceProcessingStateStandardImpl;Lorg/hibernate/sql/results/internal/RowProcessingStateStandardImpl;Lorg/hibernate/sql/results/spi/RowReader;)Ljava/util/List;+309
j  org.hibernate.sql.results.spi.ListResultsConsumer.consume(Lorg/hibernate/sql/results/jdbc/spi/JdbcValues;Lorg/hibernate/engine/spi/SharedSessionContractImplementor;Lorg/hibernate/sql/results/jdbc/spi/JdbcValuesSourceProcessingOptions;Lorg/hibernate/sql/results/jdbc/internal/JdbcValuesSourceProcessingStateStandardImpl;Lorg/hibernate/sql/results/internal/RowProcessingStateStandardImpl;Lorg/hibernate/sql/results/spi/RowReader;)Ljava/lang/Object;+10
j  org.hibernate.sql.exec.internal.JdbcSelectExecutorStandardImpl.doExecuteQuery(Lorg/hibernate/sql/exec/spi/JdbcOperationQuerySelect;Lorg/hibernate/sql/exec/spi/JdbcParameterBindings;Lorg/hibernate/sql/exec/spi/ExecutionContext;Lorg/hibernate/sql/results/spi/RowTransformer;Ljava/lang/Class;Ljava/util/function/Function;Lorg/hibernate/sql/results/spi/ResultsConsumer;)Ljava/lang/Object;+324
j  org.hibernate.sql.exec.internal.JdbcSelectExecutorStandardImpl.executeQuery(Lorg/hibernate/sql/exec/spi/JdbcOperationQuerySelect;Lorg/hibernate/sql/exec/spi/JdbcParameterBindings;Lorg/hibernate/sql/exec/spi/ExecutionContext;Lorg/hibernate/sql/results/spi/RowTransformer;Ljava/lang/Class;Ljava/util/function/Function;Lorg/hibernate/sql/results/spi/ResultsConsumer;)Ljava/lang/Object;+64
j  org.hibernate.sql.exec.spi.JdbcSelectExecutor.list(Lorg/hibernate/sql/exec/spi/JdbcOperationQuerySelect;Lorg/hibernate/sql/exec/spi/JdbcParameterBindings;Lorg/hibernate/sql/exec/spi/ExecutionContext;Lorg/hibernate/sql/results/spi/RowTransformer;Ljava/lang/Class;Lorg/hibernate/sql/results/spi/ListResultsConsumer$UniqueSemantic;)Ljava/util/List;+19
j  org.hibernate.sql.exec.spi.JdbcSelectExecutor.list(Lorg/hibernate/sql/exec/spi/JdbcOperationQuerySelect;Lorg/hibernate/sql/exec/spi/JdbcParameterBindings;Lorg/hibernate/sql/exec/spi/ExecutionContext;Lorg/hibernate/sql/results/spi/RowTransformer;Lorg/hibernate/sql/results/spi/ListResultsConsumer$UniqueSemantic;)Ljava/util/List;+9
j  org.hibernate.query.sqm.internal.ConcreteSqmSelectQueryPlan.lambda$new$2(Ljava/lang/String;Lorg/hibernate/sql/results/spi/ListResultsConsumer$UniqueSemantic;Lorg/hibernate/query/sqm/internal/DomainParameterXref;Ljava/lang/Void;Lorg/hibernate/query/spi/DomainQueryExecutionContext;Lorg/hibernate/query/sqm/internal/ConcreteSqmSelectQueryPlan$CacheableSqmInterpretation;Lorg/hibernate/sql/exec/spi/JdbcParameterBindings;)Ljava/util/List;+93
j  org.hibernate.query.sqm.internal.ConcreteSqmSelectQueryPlan$$Lambda+0x000001f681b71828.interpret(Ljava/lang/Object;Lorg/hibernate/query/spi/DomainQueryExecutionContext;Lorg/hibernate/query/sqm/internal/ConcreteSqmSelectQueryPlan$CacheableSqmInterpretation;Lorg/hibernate/sql/exec/spi/JdbcParameterBindings;)Ljava/lang/Object;+24
j  org.hibernate.query.sqm.internal.ConcreteSqmSelectQueryPlan.withCacheableSqmInterpretation(Lorg/hibernate/query/spi/DomainQueryExecutionContext;Ljava/lang/Object;Lorg/hibernate/query/sqm/internal/ConcreteSqmSelectQueryPlan$SqmInterpreter;)Ljava/lang/Object;+259
j  org.hibernate.query.sqm.internal.ConcreteSqmSelectQueryPlan.performList(Lorg/hibernate/query/spi/DomainQueryExecutionContext;)Ljava/util/List;+28
j  org.hibernate.query.sqm.internal.QuerySqmImpl.doList()Ljava/util/List;+65
j  org.hibernate.query.spi.AbstractSelectionQuery.list()Ljava/util/List;+8
j  org.hibernate.query.Query.getResultList()Ljava/util/List;+1
j  org.springframework.data.jpa.repository.support.SimpleJpaRepository.findAll()Ljava/util/List;+8
j  org.springframework.data.jpa.repository.support.SimpleJpaRepository.findAll()Ljava/lang/Iterable;+1
J 5747 c1 java.lang.invoke.DirectMethodHandle$Holder.invokeVirtual(Ljava/lang/Object;Ljava/lang/Object;)Ljava/lang/Object; java.base@21.0.4 (14 bytes) @ 0x000001f6d7ed8a84 [0x000001f6d7ed86e0+0x00000000000003a4]
J 2117 c1 java.lang.invoke.LambdaForm$MH+0x000001f681034400.invoke(Ljava/lang/Object;Ljava/lang/Object;)Ljava/lang/Object; java.base@21.0.4 (35 bytes) @ 0x000001f6d782d974 [0x000001f6d782d400+0x0000000000000574]
J 6712 c1 jdk.internal.reflect.DirectMethodHandleAccessor.invoke(Ljava/lang/Object;[Ljava/lang/Object;)Ljava/lang/Object; java.base@21.0.4 (92 bytes) @ 0x000001f6d74a107c [0x000001f6d749fb80+0x00000000000014fc]
J 4491 c1 java.lang.reflect.Method.invoke(Ljava/lang/Object;[Ljava/lang/Object;)Ljava/lang/Object; java.base@21.0.4 (108 bytes) @ 0x000001f6d7d84a04 [0x000001f6d7d844c0+0x0000000000000544]
j  org.springframework.aop.support.AopUtils.invokeJoinpointUsingReflection(Ljava/lang/Object;Ljava/lang/reflect/Method;[Ljava/lang/Object;)Ljava/lang/Object;+29
j  org.springframework.data.repository.core.support.RepositoryMethodInvoker$RepositoryFragmentMethodInvoker.lambda$new$0(Lorg/springframework/data/repository/core/support/RepositoryMethodInvoker$RepositoryFragmentMethodInvoker$CoroutineAdapterInformation;Ljava/lang/Object;Ljava/lang/reflect/Method;[Ljava/lang/Object;)Ljava/lang/Object;+38
j  org.springframework.data.repository.core.support.RepositoryMethodInvoker$RepositoryFragmentMethodInvoker$$Lambda+0x000001f681ba75a8.invoke([Ljava/lang/Object;)Ljava/lang/Object;+13
j  org.springframework.data.repository.core.support.RepositoryMethodInvoker.doInvoke(Ljava/lang/Class;Lorg/springframework/data/repository/core/support/RepositoryInvocationMulticaster;[Ljava/lang/Object;)Ljava/lang/Object;+11
j  org.springframework.data.repository.core.support.RepositoryMethodInvoker.invoke(Ljava/lang/Class;Lorg/springframework/data/repository/core/support/RepositoryInvocationMulticaster;[Ljava/lang/Object;)Ljava/lang/Object;+4
j  org.springframework.data.repository.core.support.RepositoryComposition$RepositoryFragments.invoke(Ljava/lang/Class;Lorg/springframework/data/repository/core/support/RepositoryInvocationMulticaster;Ljava/lang/reflect/Method;Ljava/lang/reflect/Method;[Ljava/lang/Object;)Ljava/lang/Object;+113
j  org.springframework.data.repository.core.support.RepositoryComposition.invoke(Lorg/springframework/data/repository/core/support/RepositoryInvocationMulticaster;Ljava/lang/reflect/Method;[Ljava/lang/Object;)Ljava/lang/Object;+84
j  org.springframework.data.repository.core.support.RepositoryFactorySupport$ImplementationMethodExecutionInterceptor.invoke(Lorg/aopalliance/intercept/MethodInvocation;)Ljava/lang/Object;+24
j  org.springframework.aop.framework.ReflectiveMethodInvocation.proceed()Ljava/lang/Object;+120
j  org.springframework.data.repository.core.support.QueryExecutorMethodInterceptor.doInvoke(Lorg/aopalliance/intercept/MethodInvocation;)Ljava/lang/Object;+88
j  org.springframework.data.repository.core.support.QueryExecutorMethodInterceptor.invoke(Lorg/aopalliance/intercept/MethodInvocation;)Ljava/lang/Object;+25
j  org.springframework.aop.framework.ReflectiveMethodInvocation.proceed()Ljava/lang/Object;+120
j  org.springframework.data.projection.DefaultMethodInvokingMethodInterceptor.invoke(Lorg/aopalliance/intercept/MethodInvocation;)Ljava/lang/Object;+15
j  org.springframework.aop.framework.ReflectiveMethodInvocation.proceed()Ljava/lang/Object;+120
j  org.springframework.transaction.interceptor.TransactionInterceptor$1.proceedWithInvocation()Ljava/lang/Object;+4
j  org.springframework.transaction.interceptor.TransactionAspectSupport.invokeWithinTransaction(Ljava/lang/reflect/Method;Ljava/lang/Class;Lorg/springframework/transaction/interceptor/TransactionAspectSupport$InvocationCallback;)Ljava/lang/Object;+252
j  org.springframework.transaction.interceptor.TransactionInterceptor.invoke(Lorg/aopalliance/intercept/MethodInvocation;)Ljava/lang/Object;+40
j  org.springframework.aop.framework.ReflectiveMethodInvocation.proceed()Ljava/lang/Object;+120
j  org.springframework.dao.support.PersistenceExceptionTranslationInterceptor.invoke(Lorg/aopalliance/intercept/MethodInvocation;)Ljava/lang/Object;+1
j  org.springframework.aop.framework.ReflectiveMethodInvocation.proceed()Ljava/lang/Object;+120
j  org.springframework.data.jpa.repository.support.CrudMethodMetadataPostProcessor$CrudMethodMetadataPopulatingMethodInterceptor.invoke(Lorg/aopalliance/intercept/MethodInvocation;)Ljava/lang/Object;+139
j  org.springframework.aop.framework.ReflectiveMethodInvocation.proceed()Ljava/lang/Object;+120
j  org.springframework.aop.interceptor.ExposeInvocationInterceptor.invoke(Lorg/aopalliance/intercept/MethodInvocation;)Ljava/lang/Object;+18
j  org.springframework.aop.framework.ReflectiveMethodInvocation.proceed()Ljava/lang/Object;+120
j  org.springframework.aop.framework.JdkDynamicAopProxy.invoke(Ljava/lang/Object;Ljava/lang/reflect/Method;[Ljava/lang/Object;)Ljava/lang/Object;+392
j  jdk.proxy5.$Proxy170.findAll()Ljava/util/List;+9 jdk.proxy5
j  com.hackthon.controller.DomaineRestController.getAllDomaines()Lorg/springframework/http/ResponseEntity;+4
J 5747 c1 java.lang.invoke.DirectMethodHandle$Holder.invokeVirtual(Ljava/lang/Object;Ljava/lang/Object;)Ljava/lang/Object; java.base@21.0.4 (14 bytes) @ 0x000001f6d7ed8a84 [0x000001f6d7ed86e0+0x00000000000003a4]
J 2117 c1 java.lang.invoke.LambdaForm$MH+0x000001f681034400.invoke(Ljava/lang/Object;Ljava/lang/Object;)Ljava/lang/Object; java.base@21.0.4 (35 bytes) @ 0x000001f6d782d974 [0x000001f6d782d400+0x0000000000000574]
J 6712 c1 jdk.internal.reflect.DirectMethodHandleAccessor.invoke(Ljava/lang/Object;[Ljava/lang/Object;)Ljava/lang/Object; java.base@21.0.4 (92 bytes) @ 0x000001f6d74a107c [0x000001f6d749fb80+0x00000000000014fc]
J 4491 c1 java.lang.reflect.Method.invoke(Ljava/lang/Object;[Ljava/lang/Object;)Ljava/lang/Object; java.base@21.0.4 (108 bytes) @ 0x000001f6d7d84a04 [0x000001f6d7d844c0+0x0000000000000544]
j  org.springframework.web.method.support.InvocableHandlerMethod.doInvoke([Ljava/lang/Object;)Ljava/lang/Object;+55
j  org.springframework.web.method.support.InvocableHandlerMethod.invokeForRequest(Lorg/springframework/web/context/request/NativeWebRequest;Lorg/springframework/web/method/support/ModelAndViewContainer;[Ljava/lang/Object;)Ljava/lang/Object;+82
j  org.springframework.web.servlet.mvc.method.annotation.ServletInvocableHandlerMethod.invokeAndHandle(Lorg/springframework/web/context/request/ServletWebRequest;Lorg/springframework/web/method/support/ModelAndViewContainer;[Ljava/lang/Object;)V+4
j  org.springframework.web.servlet.mvc.method.annotation.RequestMappingHandlerAdapter.invokeHandlerMethod(Ljakarta/servlet/http/HttpServletRequest;Ljakarta/servlet/http/HttpServletResponse;Lorg/springframework/web/method/HandlerMethod;)Lorg/springframework/web/servlet/ModelAndView;+309
j  org.springframework.web.servlet.mvc.method.annotation.RequestMappingHandlerAdapter.handleInternal(Ljakarta/servlet/http/HttpServletRequest;Ljakarta/servlet/http/HttpServletResponse;Lorg/springframework/web/method/HandlerMethod;)Lorg/springframework/web/servlet/ModelAndView;+81
j  org.springframework.web.servlet.mvc.method.AbstractHandlerMethodAdapter.handle(Ljakarta/servlet/http/HttpServletRequest;Ljakarta/servlet/http/HttpServletResponse;Ljava/lang/Object;)Lorg/springframework/web/servlet/ModelAndView;+7
j  org.springframework.web.servlet.DispatcherServlet.doDispatch(Ljakarta/servlet/http/HttpServletRequest;Ljakarta/servlet/http/HttpServletResponse;)V+259
j  org.springframework.web.servlet.DispatcherServlet.doService(Ljakarta/servlet/http/HttpServletRequest;Ljakarta/servlet/http/HttpServletResponse;)V+242
j  org.springframework.web.servlet.FrameworkServlet.processRequest(Ljakarta/servlet/http/HttpServletRequest;Ljakarta/servlet/http/HttpServletResponse;)V+70
j  org.springframework.web.servlet.FrameworkServlet.doGet(Ljakarta/servlet/http/HttpServletRequest;Ljakarta/servlet/http/HttpServletResponse;)V+3
j  jakarta.servlet.http.HttpServlet.service(Ljakarta/servlet/http/HttpServletRequest;Ljakarta/servlet/http/HttpServletResponse;)V+35
j  org.springframework.web.servlet.FrameworkServlet.service(Ljakarta/servlet/http/HttpServletRequest;Ljakarta/servlet/http/HttpServletResponse;)V+20
j  jakarta.servlet.http.HttpServlet.service(Ljakarta/servlet/ServletRequest;Ljakarta/servlet/ServletResponse;)V+37
j  org.apache.catalina.core.ApplicationFilterChain.internalDoFilter(Ljakarta/servlet/ServletRequest;Ljakarta/servlet/ServletResponse;)V+300
j  org.apache.catalina.core.ApplicationFilterChain.doFilter(Ljakarta/servlet/ServletRequest;Ljakarta/servlet/ServletResponse;)V+99
j  org.apache.tomcat.websocket.server.WsFilter.doFilter(Ljakarta/servlet/ServletRequest;Ljakarta/servlet/ServletResponse;Ljakarta/servlet/FilterChain;)V+21
j  org.apache.catalina.core.ApplicationFilterChain.internalDoFilter(Ljakarta/servlet/ServletRequest;Ljakarta/servlet/ServletResponse;)V+130
j  org.apache.catalina.core.ApplicationFilterChain.doFilter(Ljakarta/servlet/ServletRequest;Ljakarta/servlet/ServletResponse;)V+99
j  org.springframework.web.filter.CompositeFilter$VirtualFilterChain.doFilter(Ljakarta/servlet/ServletRequest;Ljakarta/servlet/ServletResponse;)V+22
j  org.springframework.security.web.FilterChainProxy.lambda$doFilterInternal$3(Lorg/springframework/security/web/firewall/FirewalledRequest;Ljakarta/servlet/FilterChain;Ljakarta/servlet/ServletRequest;Ljakarta/servlet/ServletResponse;)V+35
j  org.springframework.security.web.FilterChainProxy$$Lambda+0x000001f681b4e120.doFilter(Ljakarta/servlet/ServletRequest;Ljakarta/servlet/ServletResponse;)V+10
j  org.springframework.security.web.FilterChainProxy$VirtualFilterChain.doFilter(Ljakarta/servlet/ServletRequest;Ljakarta/servlet/ServletResponse;)V+17
j  org.springframework.security.web.access.intercept.AuthorizationFilter.doFilter(Ljakarta/servlet/ServletRequest;Ljakarta/servlet/ServletResponse;Ljakarta/servlet/FilterChain;)V+143
j  org.springframework.security.web.FilterChainProxy$VirtualFilterChain.doFilter(Ljakarta/servlet/ServletRequest;Ljakarta/servlet/ServletResponse;)V+105
j  org.springframework.security.web.access.ExceptionTranslationFilter.doFilter(Ljakarta/servlet/http/HttpServletRequest;Ljakarta/servlet/http/HttpServletResponse;Ljakarta/servlet/FilterChain;)V+3
j  org.springframework.security.web.access.ExceptionTranslationFilter.doFilter(Ljakarta/servlet/ServletRequest;Ljakarta/servlet/ServletResponse;Ljakarta/servlet/FilterChain;)V+10
j  org.springframework.security.web.FilterChainProxy$VirtualFilterChain.doFilter(Ljakarta/servlet/ServletRequest;Ljakarta/servlet/ServletResponse;)V+105
j  org.springframework.security.web.authentication.AnonymousAuthenticationFilter.doFilter(Ljakarta/servlet/ServletRequest;Ljakarta/servlet/ServletResponse;Ljakarta/servlet/FilterChain;)V+33
j  org.springframework.security.web.FilterChainProxy$VirtualFilterChain.doFilter(Ljakarta/servlet/ServletRequest;Ljakarta/servlet/ServletResponse;)V+105
j  org.springframework.security.web.servletapi.SecurityContextHolderAwareRequestFilter.doFilter(Ljakarta/servlet/ServletRequest;Ljakarta/servlet/ServletResponse;Ljakarta/servlet/FilterChain;)V+19
j  org.springframework.security.web.FilterChainProxy$VirtualFilterChain.doFilter(Ljakarta/servlet/ServletRequest;Ljakarta/servlet/ServletResponse;)V+105
j  org.springframework.security.web.savedrequest.RequestCacheAwareFilter.doFilter(Ljakarta/servlet/ServletRequest;Ljakarta/servlet/ServletResponse;Ljakarta/servlet/FilterChain;)V+32
j  org.springframework.security.web.FilterChainProxy$VirtualFilterChain.doFilter(Ljakarta/servlet/ServletRequest;Ljakarta/servlet/ServletResponse;)V+105
j  org.springframework.security.web.authentication.logout.LogoutFilter.doFilter(Ljakarta/servlet/http/HttpServletRequest;Ljakarta/servlet/http/HttpServletResponse;Ljakarta/servlet/FilterChain;)V+83
j  org.springframework.security.web.authentication.logout.LogoutFilter.doFilter(Ljakarta/servlet/ServletRequest;Ljakarta/servlet/ServletResponse;Ljakarta/servlet/FilterChain;)V+10
j  org.springframework.security.web.FilterChainProxy$VirtualFilterChain.doFilter(Ljakarta/servlet/ServletRequest;Ljakarta/servlet/ServletResponse;)V+105
j  org.springframework.web.filter.CorsFilter.doFilterInternal(Ljakarta/servlet/http/HttpServletRequest;Ljakarta/servlet/http/HttpServletResponse;Ljakarta/servlet/FilterChain;)V+43
j  org.springframework.web.filter.OncePerRequestFilter.doFilter(Ljakarta/servlet/ServletRequest;Ljakarta/servlet/ServletResponse;Ljakarta/servlet/FilterChain;)V+150
j  org.springframework.security.web.FilterChainProxy$VirtualFilterChain.doFilter(Ljakarta/servlet/ServletRequest;Ljakarta/servlet/ServletResponse;)V+105
j  org.springframework.security.web.header.HeaderWriterFilter.doHeadersAfter(Ljakarta/servlet/http/HttpServletRequest;Ljakarta/servlet/http/HttpServletResponse;Ljakarta/servlet/FilterChain;)V+29
j  org.springframework.security.web.header.HeaderWriterFilter.doFilterInternal(Ljakarta/servlet/http/HttpServletRequest;Ljakarta/servlet/http/HttpServletResponse;Ljakarta/servlet/FilterChain;)V+21
j  org.springframework.web.filter.OncePerRequestFilter.doFilter(Ljakarta/servlet/ServletRequest;Ljakarta/servlet/ServletResponse;Ljakarta/servlet/FilterChain;)V+150
j  org.springframework.security.web.FilterChainProxy$VirtualFilterChain.doFilter(Ljakarta/servlet/ServletRequest;Ljakarta/servlet/ServletResponse;)V+105
j  org.springframework.security.web.context.SecurityContextHolderFilter.doFilter(Ljakarta/servlet/http/HttpServletRequest;Ljakarta/servlet/http/HttpServletResponse;Ljakarta/servlet/FilterChain;)V+59
j  org.springframework.security.web.context.SecurityContextHolderFilter.doFilter(Ljakarta/servlet/ServletRequest;Ljakarta/servlet/ServletResponse;Ljakarta/servlet/FilterChain;)V+10
j  org.springframework.security.web.FilterChainProxy$VirtualFilterChain.doFilter(Ljakarta/servlet/ServletRequest;Ljakarta/servlet/ServletResponse;)V+105
j  org.springframework.security.web.context.request.async.WebAsyncManagerIntegrationFilter.doFilterInternal(Ljakarta/servlet/http/HttpServletRequest;Ljakarta/servlet/http/HttpServletResponse;Ljakarta/servlet/FilterChain;)V+55
j  org.springframework.web.filter.OncePerRequestFilter.doFilter(Ljakarta/servlet/ServletRequest;Ljakarta/servlet/ServletResponse;Ljakarta/servlet/FilterChain;)V+150
j  org.springframework.security.web.FilterChainProxy$VirtualFilterChain.doFilter(Ljakarta/servlet/ServletRequest;Ljakarta/servlet/ServletResponse;)V+105
j  org.springframework.security.web.session.DisableEncodeUrlFilter.doFilterInternal(Ljakarta/servlet/http/HttpServletRequest;Ljakarta/servlet/http/HttpServletResponse;Ljakarta/servlet/FilterChain;)V+10
j  org.springframework.web.filter.OncePerRequestFilter.doFilter(Ljakarta/servlet/ServletRequest;Ljakarta/servlet/ServletResponse;Ljakarta/servlet/FilterChain;)V+150
j  org.springframework.security.web.FilterChainProxy$VirtualFilterChain.doFilter(Ljakarta/servlet/ServletRequest;Ljakarta/servlet/ServletResponse;)V+105
j  org.springframework.security.web.FilterChainProxy.doFilterInternal(Ljakarta/servlet/ServletRequest;Ljakarta/servlet/ServletResponse;Ljakarta/servlet/FilterChain;)V+163
j  org.springframework.security.web.FilterChainProxy.doFilter(Ljakarta/servlet/ServletRequest;Ljakarta/servlet/ServletResponse;Ljakarta/servlet/FilterChain;)V+48
j  org.springframework.web.filter.CompositeFilter$VirtualFilterChain.doFilter(Ljakarta/servlet/ServletRequest;Ljakarta/servlet/ServletResponse;)V+63
j  org.springframework.web.servlet.handler.HandlerMappingIntrospector.lambda$createCacheFilter$3(Ljakarta/servlet/ServletRequest;Ljakarta/servlet/ServletResponse;Ljakarta/servlet/FilterChain;)V+13
j  org.springframework.web.servlet.handler.HandlerMappingIntrospector$$Lambda+0x000001f681abab88.doFilter(Ljakarta/servlet/ServletRequest;Ljakarta/servlet/ServletResponse;Ljakarta/servlet/FilterChain;)V+7
j  org.springframework.web.filter.CompositeFilter$VirtualFilterChain.doFilter(Ljakarta/servlet/ServletRequest;Ljakarta/servlet/ServletResponse;)V+63
j  org.springframework.web.filter.CompositeFilter.doFilter(Ljakarta/servlet/ServletRequest;Ljakarta/servlet/ServletResponse;Ljakarta/servlet/FilterChain;)V+14
j  org.springframework.security.config.annotation.web.configuration.WebMvcSecurityConfiguration$CompositeFilterChainProxy.doFilter(Ljakarta/servlet/ServletRequest;Ljakarta/servlet/ServletResponse;Ljakarta/servlet/FilterChain;)V+7
j  org.springframework.web.filter.DelegatingFilterProxy.invokeDelegate(Ljakarta/servlet/Filter;Ljakarta/servlet/ServletRequest;Ljakarta/servlet/ServletResponse;Ljakarta/servlet/FilterChain;)V+5
j  org.springframework.web.filter.DelegatingFilterProxy.doFilter(Ljakarta/servlet/ServletRequest;Ljakarta/servlet/ServletResponse;Ljakarta/servlet/FilterChain;)V+85
j  org.apache.catalina.core.ApplicationFilterChain.internalDoFilter(Ljakarta/servlet/ServletRequest;Ljakarta/servlet/ServletResponse;)V+130
j  org.apache.catalina.core.ApplicationFilterChain.doFilter(Ljakarta/servlet/ServletRequest;Ljakarta/servlet/ServletResponse;)V+99
j  org.springframework.web.filter.RequestContextFilter.doFilterInternal(Ljakarta/servlet/http/HttpServletRequest;Ljakarta/servlet/http/HttpServletResponse;Ljakarta/servlet/FilterChain;)V+21
j  org.springframework.web.filter.OncePerRequestFilter.doFilter(Ljakarta/servlet/ServletRequest;Ljakarta/servlet/ServletResponse;Ljakarta/servlet/FilterChain;)V+150
j  org.apache.catalina.core.ApplicationFilterChain.internalDoFilter(Ljakarta/servlet/ServletRequest;Ljakarta/servlet/ServletResponse;)V+130
j  org.apache.catalina.core.ApplicationFilterChain.doFilter(Ljakarta/servlet/ServletRequest;Ljakarta/servlet/ServletResponse;)V+99
j  org.springframework.web.filter.FormContentFilter.doFilterInternal(Ljakarta/servlet/http/HttpServletRequest;Ljakarta/servlet/http/HttpServletResponse;Ljakarta/servlet/FilterChain;)V+38
j  org.springframework.web.filter.OncePerRequestFilter.doFilter(Ljakarta/servlet/ServletRequest;Ljakarta/servlet/ServletResponse;Ljakarta/servlet/FilterChain;)V+150
j  org.apache.catalina.core.ApplicationFilterChain.internalDoFilter(Ljakarta/servlet/ServletRequest;Ljakarta/servlet/ServletResponse;)V+130
j  org.apache.catalina.core.ApplicationFilterChain.doFilter(Ljakarta/servlet/ServletRequest;Ljakarta/servlet/ServletResponse;)V+99
j  org.springframework.web.filter.CharacterEncodingFilter.doFilterInternal(Ljakarta/servlet/http/HttpServletRequest;Ljakarta/servlet/http/HttpServletResponse;Ljakarta/servlet/FilterChain;)V+53
j  org.springframework.web.filter.OncePerRequestFilter.doFilter(Ljakarta/servlet/ServletRequest;Ljakarta/servlet/ServletResponse;Ljakarta/servlet/FilterChain;)V+150
j  org.apache.catalina.core.ApplicationFilterChain.internalDoFilter(Ljakarta/servlet/ServletRequest;Ljakarta/servlet/ServletResponse;)V+130
j  org.apache.catalina.core.ApplicationFilterChain.doFilter(Ljakarta/servlet/ServletRequest;Ljakarta/servlet/ServletResponse;)V+99
j  org.apache.catalina.core.StandardWrapperValve.invoke(Lorg/apache/catalina/connector/Request;Lorg/apache/catalina/connector/Response;)V+514
j  org.apache.catalina.core.StandardContextValve.invoke(Lorg/apache/catalina/connector/Request;Lorg/apache/catalina/connector/Response;)V+169
j  org.apache.catalina.authenticator.AuthenticatorBase.invoke(Lorg/apache/catalina/connector/Request;Lorg/apache/catalina/connector/Response;)V+221
j  org.apache.catalina.core.StandardHostValve.invoke(Lorg/apache/catalina/connector/Request;Lorg/apache/catalina/connector/Response;)V+131
j  org.apache.catalina.valves.ErrorReportValve.invoke(Lorg/apache/catalina/connector/Request;Lorg/apache/catalina/connector/Response;)V+6
j  org.apache.catalina.core.StandardEngineValve.invoke(Lorg/apache/catalina/connector/Request;Lorg/apache/catalina/connector/Response;)V+59
j  org.apache.catalina.connector.CoyoteAdapter.service(Lorg/apache/coyote/Request;Lorg/apache/coyote/Response;)V+188
j  org.apache.coyote.http11.Http11Processor.service(Lorg/apache/tomcat/util/net/SocketWrapperBase;)Lorg/apache/tomcat/util/net/AbstractEndpoint$Handler$SocketState;+796
j  org.apache.coyote.AbstractProcessorLight.process(Lorg/apache/tomcat/util/net/SocketWrapperBase;Lorg/apache/tomcat/util/net/SocketEvent;)Lorg/apache/tomcat/util/net/AbstractEndpoint$Handler$SocketState;+155
j  org.apache.coyote.AbstractProtocol$ConnectionHandler.process(Lorg/apache/tomcat/util/net/SocketWrapperBase;Lorg/apache/tomcat/util/net/SocketEvent;)Lorg/apache/tomcat/util/net/AbstractEndpoint$Handler$SocketState;+482
j  org.apache.tomcat.util.net.NioEndpoint$SocketProcessor.doRun()V+249
j  org.apache.tomcat.util.net.SocketProcessorBase.run()V+32
j  org.apache.tomcat.util.threads.ThreadPoolExecutor.runWorker(Lorg/apache/tomcat/util/threads/ThreadPoolExecutor$Worker;)V+92
j  org.apache.tomcat.util.threads.ThreadPoolExecutor$Worker.run()V+5
j  org.apache.tomcat.util.threads.TaskThread$WrappingRunnable.run()V+4
j  java.lang.Thread.runWith(Ljava/lang/Object;Ljava/lang/Runnable;)V+5 java.base@21.0.4
j  java.lang.Thread.run()V+19 java.base@21.0.4
v  ~StubRoutines::call_stub 0x000001f6de97100d

Compiled method (n/a)  853226 1069     n 0       java.lang.ClassLoader::defineClass1 (native)
 total in heap  [0x000001f6def72e10,0x000001f6def73450] = 1600
 relocation     [0x000001f6def72f68,0x000001f6def72fa0] = 56
 main code      [0x000001f6def72fa0,0x000001f6def7344f] = 1199
 stub code      [0x000001f6def7344f,0x000001f6def73450] = 1

[Constant Pool (empty)]

[MachCode]
[Entry Point]
  # {method} {0x000001f68043ce68} 'defineClass1' '(Ljava/lang/ClassLoader;Ljava/lang/String;[BIILjava/security/ProtectionDomain;Ljava/lang/String;)Ljava/lang/Class;' in 'java/lang/ClassLoader'
  # parm0:    rdx:rdx   = 'java/lang/ClassLoader'
  # parm1:    r8:r8     = 'java/lang/String'
  # parm2:    r9:r9     = '[B'
  # parm3:    rdi       = int
  # parm4:    rsi       = int
  # parm5:    rcx:rcx   = 'java/security/ProtectionDomain'
  # parm6:    [sp+0xa0]   = 'java/lang/String'  (sp of caller)
  0x000001f6def72fa0: 448b 5208 | 49bb 0000 | 0080 f601 | 0000 4d03 | d349 3bc2 | 0f84 0600 

  0x000001f6def72fb8: ;   {runtime_call ic_miss_stub}
  0x000001f6def72fb8: 0000 e9c1 | b7a4 ff90 
[Verified Entry Point]
  0x000001f6def72fc0: 8984 2400 | 80ff ff55 | 488b ec48 | 81ec 9000 | 0000 6690 | 4181 7f20 | 1200 0000 

  0x000001f6def72fdc: ;   {runtime_call StubRoutines (final stubs)}
  0x000001f6def72fdc: 7405 e87d | 1da3 ff48 | 837d 1000 | 488d 4510 | 480f 4445 | 1048 8944 | 2440 4889 | 4c24 7048 
  0x000001f6def72ffc: 83f9 0048 | 8d44 2470 | 480f 4444 | 2470 4889 | 4424 3848 | 8974 2430 | 4889 7c24 | 284c 894c 
  0x000001f6def7301c: 2458 4983 | f900 488d | 4424 5848 | 0f44 4424 | 5848 8944 | 2420 4c89 | 4424 5049 | 83f8 004c 
  0x000001f6def7303c: 8d4c 2450 | 4c0f 444c | 2450 4889 | 5424 4848 | 83fa 004c | 8d44 2448 | 4c0f 4444 

  0x000001f6def73058: ;   {oop(a 'java/lang/Class'{0x0000000702964040} = 'java/lang/ClassLoader')}
  0x000001f6def73058: 2448 49be | 4040 9602 | 0700 0000 | 4c89 7424 | 784c 8d74 | 2478 498b | d6c5 f877 

  0x000001f6def73074: ;   {internal_word}
  0x000001f6def73074: 49ba 7130 | f7de f601 | 0000 4d89 | 97a0 0300 | 0049 89a7 | 9803 0000 

  0x000001f6def7308c: ;   {external_word}
  0x000001f6def7308c: 49ba e0f7 | af4d fd7f | 0000 4180 | 3a00 0f84 | 4e00 0000 | 5241 5041 

  0x000001f6def730a4: ;   {metadata({method} {0x000001f68043ce68} 'defineClass1' '(Ljava/lang/ClassLoader;Ljava/lang/String;[BIILjava/security/ProtectionDomain;Ljava/lang/String;)Ljava/lang/Class;' in 'java/lang/ClassLoader')}
  0x000001f6def730a4: 5148 ba60 | ce43 80f6 | 0100 0049 | 8bcf 4883 | ec20 40f6 | c40f 0f84 | 1900 0000 | 4883 ec08 
  0x000001f6def730c4: ;   {runtime_call}
  0x000001f6def730c4: 48b8 d0ec | 604d fd7f | 0000 ffd0 | 4883 c408 | e90c 0000 

  0x000001f6def730d8: ;   {runtime_call}
  0x000001f6def730d8: 0048 b8d0 | ec60 4dfd | 7f00 00ff | d048 83c4 | 2041 5941 | 585a 498d | 8fb8 0300 | 0041 c787 
  0x000001f6def730f8: 4c04 0000 | 0400 0000 

  0x000001f6def73100: ;   {runtime_call}
  0x000001f6def73100: 48b8 ac16 | 5ec7 fd7f | 0000 ffd0 | c5f8 7741 | c787 4c04 | 0000 0500 | 0000 f083 | 4424 c000 
  0x000001f6def73120: 493b af50 | 0400 000f | 870e 0000 | 0041 83bf | 4804 0000 | 000f 842b | 0000 00c5 | f877 4889 
  0x000001f6def73140: 45f8 498b | cf4c 8be4 | 4883 ec20 | 4883 e4f0 

  0x000001f6def73150: ;   {runtime_call}
  0x000001f6def73150: 48b8 c0a0 | 2c4d fd7f | 0000 ffd0 | 498b e44d | 33e4 488b | 45f8 41c7 | 874c 0400 | 0008 0000 
  0x000001f6def73170: 0041 83bf | c804 0000 | 020f 84a3 

  0x000001f6def7317c: ;   {external_word}
  0x000001f6def7317c: 0200 0049 | bae0 f7af | 4dfd 7f00 | 0041 803a | 000f 844c | 0000 0048 

  0x000001f6def73194: ;   {metadata({method} {0x000001f68043ce68} 'defineClass1' '(Ljava/lang/ClassLoader;Ljava/lang/String;[BIILjava/security/ProtectionDomain;Ljava/lang/String;)Ljava/lang/Class;' in 'java/lang/ClassLoader')}
  0x000001f6def73194: 8945 f848 | ba60 ce43 | 80f6 0100 | 0049 8bcf | 4883 ec20 | 40f6 c40f | 0f84 1900 | 0000 4883 
  0x000001f6def731b4: ;   {runtime_call}
  0x000001f6def731b4: ec08 48b8 | d0ec 604d | fd7f 0000 | ffd0 4883 | c408 e90c 

  0x000001f6def731c8: ;   {runtime_call}
  0x000001f6def731c8: 0000 0048 | b8d0 ec60 | 4dfd 7f00 | 00ff d048 | 83c4 2048 | 8b45 f849 | c787 9803 | 0000 0000 
  0x000001f6def731e8: 0000 49c7 | 87a0 0300 | 0000 0000 | 00c5 f877 | 4885 c00f | 84fe 0100 | 00a8 030f | 8508 0000 
  0x000001f6def73208: 0048 8b00 | e9ee 0100 | 00a8 010f | 8509 0000 | 0048 8b40 | fee9 dd01 | 0000 488b | 40ff 4180 
  0x000001f6def73228: 7f40 000f | 84ce 0100 | 0048 83f8 | 000f 84c4 | 0100 0049 | 8b4f 2848 | 83f9 000f | 8414 0000 
  0x000001f6def73248: 0048 83e9 | 0849 894f | 2849 034f | 3848 8901 | e9a2 0100 | 0048 81ec | d000 0000 | 4889 0424 
  0x000001f6def73268: 4889 4c24 | 0848 8954 | 2410 4889 | 7424 1848 | 897c 2420 | 4c89 4424 | 284c 894c | 2430 4c89 
  0x000001f6def73288: 5424 384c | 895c 2440 | c5fb 1144 | 2450 c5fb | 114c 2458 | c5fb 1154 | 2460 c5fb | 115c 2468 
  0x000001f6def732a8: c5fb 1164 | 2470 c5fb | 116c 2478 | c5fb 11b4 | 2480 0000 | 00c5 fb11 | bc24 8800 | 0000 c57b 
  0x000001f6def732c8: ;   {no_reloc}
  0x000001f6def732c8: 1184 2490 | 0000 00c5 | 7b11 8c24 | 9800 0000 | c57b 1194 | 24a0 0000 | 00c5 7b11 | 9c24 a800 
  0x000001f6def732e8: 0000 c57b | 11a4 24b0 | 0000 00c5 | 7b11 ac24 | b800 0000 | c57b 11b4 | 24c0 0000 | 00c5 7b11 
  0x000001f6def73308: bc24 c800 | 0000 498b | d748 8bc8 | 4883 ec20 | 40f6 c40f | 0f84 1900 | 0000 4883 

  0x000001f6def73324: ;   {runtime_call}
  0x000001f6def73324: ec08 48b8 | c0e2 1f4d | fd7f 0000 | ffd0 4883 | c408 e90c 

  0x000001f6def73338: ;   {runtime_call}
  0x000001f6def73338: 0000 0048 | b8c0 e21f | 4dfd 7f00 | 00ff d048 | 83c4 20c5 | 7b10 bc24 | c800 0000 | c57b 10b4 
  0x000001f6def73358: 24c0 0000 | 00c5 7b10 | ac24 b800 | 0000 c57b | 10a4 24b0 | 0000 00c5 | 7b10 9c24 | a800 0000 
  0x000001f6def73378: c57b 1094 | 24a0 0000 | 00c5 7b10 | 8c24 9800 | 0000 c57b | 1084 2490 | 0000 00c5 | fb10 bc24 
  0x000001f6def73398: 8800 0000 | c5fb 10b4 | 2480 0000 | 00c5 fb10 | 6c24 78c5 | fb10 6424 | 70c5 fb10 | 5c24 68c5 
  0x000001f6def733b8: fb10 5424 | 60c5 fb10 | 4c24 58c5 | fb10 4424 | 504c 8b5c | 2440 4c8b | 5424 384c | 8b4c 2430 
  0x000001f6def733d8: 4c8b 4424 | 2848 8b7c | 2420 488b | 7424 1848 | 8b54 2410 | 488b 4c24 | 0848 8b04 | 2448 81c4 
  0x000001f6def733f8: d000 0000 | c5f8 7749 | 8b8f 2804 | 0000 c781 | 0001 0000 | 0000 0000 | c949 837f | 0800 0f85 
  0x000001f6def73418: 0100 0000 

  0x000001f6def7341c: ;   {runtime_call StubRoutines (initial stubs)}
  0x000001f6def7341c: c3e9 deda | 9fff c5f8 | 7748 8945 | f84c 8be4 | 4883 ec20 | 4883 e4f0 

  0x000001f6def73434: ;   {runtime_call}
  0x000001f6def73434: 48b8 c024 | 614d fd7f | 0000 ffd0 | 498b e44d | 33e4 488b | 45f8 e930 | fdff fff4 
[/MachCode]


Compiled method (c2)  853253 10056       4       java.lang.ClassLoader::defineClass (43 bytes)
 total in heap  [0x000001f6df488b10,0x000001f6df48f9c0] = 28336
 relocation     [0x000001f6df488c68,0x000001f6df489050] = 1000
 main code      [0x000001f6df489060,0x000001f6df48d2e8] = 17032
 stub code      [0x000001f6df48d2e8,0x000001f6df48d410] = 296
 oops           [0x000001f6df48d410,0x000001f6df48d440] = 48
 metadata       [0x000001f6df48d440,0x000001f6df48d608] = 456
 scopes data    [0x000001f6df48d608,0x000001f6df48ec18] = 5648
 scopes pcs     [0x000001f6df48ec18,0x000001f6df48f4c8] = 2224
 dependencies   [0x000001f6df48f4c8,0x000001f6df48f4d8] = 16
 handler table  [0x000001f6df48f4d8,0x000001f6df48f8c8] = 1008
 nul chk table  [0x000001f6df48f8c8,0x000001f6df48f9c0] = 248

[Constant Pool (empty)]

[MachCode]
[Entry Point]
  # {method} {0x000001f68043d1e8} 'defineClass' '(Ljava/lang/String;[BIILjava/security/ProtectionDomain;)Ljava/lang/Class;' in 'java/lang/ClassLoader'
  # this:     rdx:rdx   = 'java/lang/ClassLoader'
  # parm0:    r8:r8     = 'java/lang/String'
  # parm1:    r9:r9     = '[B'
  # parm2:    rdi       = int
  # parm3:    rsi       = int
  # parm4:    rcx:rcx   = 'java/security/ProtectionDomain'
  #           [sp+0xc0]  (sp of caller)
  0x000001f6df489060: 448b 5208 | 49bb 0000 | 0080 f601 | 0000 4d03 | d349 3bc2 

  0x000001f6df489074: ;   {runtime_call ic_miss_stub}
  0x000001f6df489074: 0f85 0657 | 53ff 6690 | 0f1f 4000 
[Verified Entry Point]
  0x000001f6df489080: 8984 2400 | 80ff ff55 | 4881 ecb0 | 0000 0090 | 4181 7f20 | 1200 0000 | 0f85 3c42 | 0000 4889 
  0x000001f6df4890a0: 4c24 4089 | 7424 3c89 | 7c24 384c | 894c 2430 | 4889 5424 | 284c 8944 | 2448 660f | 1f44 0000 
  0x000001f6df4890c0: ; implicit exception: dispatches to 0x000001f6df48cf60
  0x000001f6df4890c0: 458b 4814 

  0x000001f6df4890c4: ; implicit exception: dispatches to 0x000001f6df48cd08
  0x000001f6df4890c4: 478b 54cc | 0c45 85d2 | 0f86 462d | 0000 450f | be58 1045 | 85db 660f | 1f44 0000 | 0f85 2e31 
  0x000001f6df4890e4: 0000 c442 | 22f7 c245 | 3bc2 418b | f041 0f4f | f24f 8d1c | cc4f 8d74 | cc10 6690 | 85f6 0f8e 
  0x000001f6df489104: cf00 0000 | 443b d60f | 826b 2e00 | 00b8 2f00 | 0000 498b | fe8b d648 | 8bdf 83fa | 100f 8c79 
  0x000001f6df489124: 0000 0083 | fa20 0f8c | 3600 0000 | c5f9 6ed0 | c4e2 7d78 | d2c5 f5ef | c98b ca83 | e1e0 83e2 
  0x000001f6df489144: 1fc5 fe6f | 03c5 fd74 | c2c4 e27d | 17c8 0f83 | 6900 0000 | 4883 c320 | 83e9 2075 | e4e9 0d00 
  0x000001f6df489164: 0000 c5f9 | 6ed0 c5f1 | efc9 c4e2 

  0x000001f6df489170: ;   {no_reloc}
  0x000001f6df489170: 6900 d183 | fa10 0f8c | 2400 0000 | 8bca 83e1 | f083 e20f | c5fa 6f03 | c5f9 74c2 | c4e2 7917 
  0x000001f6df489190: c80f 832a | 0000 0048 | 83c3 1083 | e910 75e4 | 85d2 0f84 | 1200 0000 | 0fb6 0b3b | c174 1c48 
  0x000001f6df4891b0: 83c3 0183 | ea01 7402 | ebee bbff | ffff ffeb | 0dc5 fdd7 | c80f bcc1 | 4803 d848 | 2bdf 83fb 
  0x000001f6df4891d0: ff0f 85a1 | 3100 0041 | 0fb6 2e0f | 1f44 0000 | 83fd 5b0f | 84db 3100 | 0041 8d48 | fb85 c90f 
  0x000001f6df4891f0: 8c6f 0000 | 0041 83fa | 040f 86d1 | 2d00 0090 | 4180 3e6a | 0f85 5a00 | 0000 4380 | 7ccc 1161 
  0x000001f6df489210: 0f85 4e00 | 0000 6666 | 0f1f 8400 | 0000 0000 | 4380 7ccc | 1276 0f85 | 3800 0000 | 4380 7ccc 
  0x000001f6df489230: 1361 7530 | 430f be4c | cc14 660f | 1f44 0000 | 83f9 2e75 

  0x000001f6df489244: ;   {oop(a 'jdk/internal/loader/ClassLoaders$PlatformClassLoader'{0x0000000702a169b0})}
  0x000001f6df489244: 1f48 b9b0 | 69a1 0207 | 0000 0048 | 8b5c 2428 | 483b d90f | 85bf 3900 | 0048 894c | 2450 eb0a 
  0x000001f6df489264: 488b 4c24 | 2848 894c | 2450 488b | 4c24 408b | 5910 418b | d2ff ca41 | 8bc8 ffc9 | 3bca 0f4f 
  0x000001f6df489284: ca85 c90f | 8c1b 1800 | 0033 d289 | 9424 9000 | 0000 6666 | 0f1f 8400 | 0000 0000 | 413b ca0f 
  0x000001f6df4892a4: 8308 2300 | 0041 807c | 0b10 2e74 | 1849 8bbf | 5804 0000 

  0x000001f6df4892b8: ; ImmutableOopMap {r11=Oop r14=Derived_oop_r11 r9=NarrowOop rbx=NarrowOop [40]=Oop [48]=Oop [64]=Oop [72]=Oop [80]=Oop }
                      ;*goto {reexecute=1 rethrow=0 return_oop=0}
                      ; - (reexecute) java.lang.StringLatin1::lastIndexOf@35 (line 285)
                      ; - java.lang.String::lastIndexOf@13 (line 2573)
                      ; - java.lang.String::lastIndexOf@8 (line 2535)
                      ; - java.lang.ClassLoader::checkCerts@3 (line 1163)
                      ; - java.lang.ClassLoader::preDefineClass@113 (line 917)
                      ; - java.lang.ClassLoader::defineClass@4 (line 1025)
                      ;   {poll}
  0x000001f6df4892b8: ffc9 8507 | 0f1f 4000 | 85c9 7ddc | b9ff ffff | ff83 f9ff | 0f84 0a31 | 0000 85c9 | 0f8c 662f 
  0x000001f6df4892d8: 0000 660f | 1f44 0000 | 413b c80f | 8f1b 3100 | 0041 3bc8 | 750a 488b | 7424 48e9 | 3a02 0000 
  0x000001f6df4892f8: 85c9 660f | 1f44 0000 | 0f84 f617 | 0000 498b | b7b8 0100 | 004c 8bc6 | 4983 c018 | 0f1f 8400 
  0x000001f6df489318: 0000 0000 | 6666 6690 | 4d3b 87c8 | 0100 000f | 83d1 2000 | 004d 8987 | b801 0000 | 410f 0d88 
  0x000001f6df489338: c000 0000 | 48c7 0601 

  0x000001f6df489340: ;   {metadata('java/lang/String')}
  0x000001f6df489340: 0000 00c7 | 4608 d8e8 | 0000 4489 | 660c 4c89 | 6610 413b | ca0f 859a | 0000 004d | 63c2 6690 
  0x000001f6df489360: 4181 fa00 | 0010 000f | 87bd 2800 | 004d 8baf | b801 0000 | 498d 4817 | 4883 e1f8 | 498b fd48 
  0x000001f6df489380: 03f9 493b | bfc8 0100 | 000f 839b | 2800 0049 | 89bf b801 | 0000 0f0d | 8fc0 0000 | 0049 c745 
  0x000001f6df4893a0: 0001 0000 | 000f 0d8f | 0001 0000 

  0x000001f6df4893ac: ;   {metadata({type array byte})}
  0x000001f6df4893ac: 41c7 4508 | c022 0000 | 4589 550c | 0f0d 8f40 | 0100 000f | 0d8f 8001 | 0000 498b | d548 83c2 
  0x000001f6df4893cc: 1049 83c0 | 0749 c1e8 | 0349 8bce | c5f8 7749 | ba60 339a | def6 0100 | 0041 ffd2 

  0x000001f6df4893e8: ;   {other}
  0x000001f6df4893e8: 0f1f 8400 | 0000 0000 | e9f7 0000 | 0066 6666 | 0f1f 8400 | 0000 0000 | 81f9 0000 | 1000 0f87 
  0x000001f6df489408: 342d 0000 | 4863 d144 | 3bd1 418b | ea0f 4fe9 | 443b d50f | 1f44 0000 | 0f82 b22d | 0000 3bcd 
  0x000001f6df489428: 0f82 aa2d | 0000 4883 | c217 4c8b | c249 83e0 | f80f 1f80 | 0000 0000 | 81f9 0000 | 1000 0f87 
  0x000001f6df489448: 6d20 0000 | 4d8b afb8 | 0100 004d | 8bd5 4d03 | d00f 1f80 | 0000 0000 | 4d3b 97c8 | 0100 000f 
  0x000001f6df489468: 834c 2000 | 004d 8997 | b801 0000 | 410f 0d8a | c000 0000 | 49c7 4500 | 0100 0000 | 410f 0d8a 
  0x000001f6df489488: 0001 0000 

  0x000001f6df48948c: ;   {metadata({type array byte})}
  0x000001f6df48948c: 41c7 4508 | c022 0000 | 4189 4d0c | 410f 0d8a | 4001 0000 | 410f 0d8a | 8001 0000 | 4d8b d549 
  0x000001f6df4894ac: 83c2 1048 | c1ea 0385 | ed0f 848d | 2c00 003b | e966 6690 | 0f8c df1a | 0000 4983 | c0f0 49c1 
  0x000001f6df4894cc: e803 498b | ce49 8bd2 | c5f8 7749 | ba60 339a | def6 0100 | 0041 ffd2 

  0x000001f6df4894e4: ;   {other}
  0x000001f6df4894e4: 0f1f 8400 | 0000 0000 | 4180 7f40 | 000f 856e | 1800 004c | 8bd6 4d8b | dd49 c1eb | 0344 895e 
  0x000001f6df489504: 144d 8bdd | 4d33 da49 | c1eb 154d | 85db 741a | 49c1 ea09 | 48b9 00d0 | 41e3 f601 | 0000 4903 
  0x000001f6df489524: ca80 3902 | 0f85 7118 | 0000 4488 | 6610 418b | 6cdc 1485 | ed0f 85f1 | 2e00 0041 | 8b6c dc10 
  0x000001f6df489544: 85ed 0f85 | 0c2f 0000 | 4c8b 5424 | 5045 8b52 | 2c45 85d2 | 0f84 3728 | 0000 4b8d 

  0x000001f6df489560: ;   {oop(a 'java/security/cert/Certificate'[0] {0x00000007029640c0})}
  0x000001f6df489560: 14d4 49b9 | c040 9602 | 0700 0000 | bf01 0000 | 004c 8bc6 

  0x000001f6df489574: ;   {optimized virtual_call}
  0x000001f6df489574: c5f8 77e8 

  0x000001f6df489578: ; ImmutableOopMap {[40]=Oop [48]=Oop [64]=Oop [72]=Oop [80]=Oop }
                      ;*invokevirtual putVal {reexecute=0 rethrow=0 return_oop=1}
                      ; - java.util.concurrent.ConcurrentHashMap::putIfAbsent@4 (line 1541)
                      ; - java.lang.ClassLoader::checkCerts@62 (line 1171)
                      ; - java.lang.ClassLoader::preDefineClass@113 (line 917)
                      ; - java.lang.ClassLoader::defineClass@4 (line 1025)
  0x000001f6df489578: 2446 05f9 

  0x000001f6df48957c: ;   {other}
  0x000001f6df48957c: 0f1f 8400 | 6c0a 0001 | 4885 c074 | 1f44 8b58 

  0x000001f6df48958c: ;   {metadata('java/security/cert/Certificate'[])}
  0x000001f6df48958c: 0841 81fb | d878 1000 | 0f85 1a37 | 0000 8b68 | 0c66 6690 | 85ed 0f87 | 8831 0000 | 4c8b 5424 
  0x000001f6df4895ac: 4045 8b52 | 1043 8b5c | d40c 85db | 0f84 c22e | 0000 6690 | 453b 64dc | 380f 84e5 | 2700 0049 
  0x000001f6df4895cc: 8b87 b801 | 0000 4c8b | d049 83c2 | 1849 8d3c | dc66 6690 | 4d3b 97c8 | 0100 000f | 834d 1c00 
  0x000001f6df4895ec: 004d 8997 | b801 0000 | 410f 0d8a | c000 0000 | 48c7 0001 

  0x000001f6df489600: ;   {metadata('java/lang/StringBuilder')}
  0x000001f6df489600: 0000 00c7 | 4008 2881 | 0000 4489 | 600c 4c89 | 6010 4889 | 4424 7849 | 8b87 b801 | 0000 4c8b 
  0x000001f6df489620: d049 83c2 | 204d 3b97 | c801 0000 | 0f83 571c | 0000 4d89 | 97b8 0100 | 0041 0f0d | 8ac0 0000 
  0x000001f6df489640: 0048 c700 | 0100 0000 | 410f 0d8a | 0001 0000 

  0x000001f6df489650: ;   {metadata({type array byte})}
  0x000001f6df489650: c740 08c0 | 2200 0041 | 0f0d 8a40 | 0100 00c7 | 400c 1000 | 0000 410f | 0d8a 8001 | 0000 4c89 
  0x000001f6df489670: 6010 4c89 | 6018 4c8b | 5424 784c | 8bc0 49c1 | e803 4c8b | 5c24 7845 | 8943 144c | 8bd8 4d33 
  0x000001f6df489690: da49 c1eb | 154d 85db | 741a 49c1 | ea09 48b9 | 00d0 41e3 | f601 0000 | 4903 ca80 | 3902 0f85 
  0x000001f6df4896b0: c814 0000 | 418b 4cdc | 144c 8b54 | 2478 4588 | 6210 458b | 5ccc 1447 | 8b54 dc0c | 4c8b 5c24 
  0x000001f6df4896d0: 7841 8b73 | 1445 8b4c | f40c 450f | be44 cc10 | c442 3af7 | ea45 8bc5 | 4503 430c | 458b d845 
  0x000001f6df4896f0: 2bd9 4585 | db0f 8f56 | 0e00 004c | 8b54 2478 | 450f be42 | 1041 0fbe | 74cc 1045 | 8b4a 0c44 
  0x000001f6df489710: 3bc6 0f85 | b02d 0000 | 4c8b 5424 | 7845 8b5a | 1441 3bf0 | 0f85 3e2b | 0000 418b | 4ccc 1445 
  0x000001f6df489730: 8b54 cc0c | c4c2 39f7 | e90f 1f80 | 0000 0000 

  0x000001f6df489740: ; implicit exception: dispatches to 0x000001f6df48cd68
  0x000001f6df489740: 478b 4cdc | 0c85 ed0f | 8ce7 2600 

  0x000001f6df48974c: ;   {no_reloc}
  0x000001f6df48974c: 0041 8d14 | 2a44 3bca | 0f82 da26 | 0000 660f | 1f44 0000 | 4585 d276 | 2d49 c1e3 | 0349 8d54 
  0x000001f6df48976c: 2b10 4d63 | c24d 8d14 | cc49 8d4c | cc10 c5f8 | 7749 baa0 | 2d9a def6 | 0100 0041 

  0x000001f6df489788: ;   {other}
  0x000001f6df489788: ffd2 0f1f | 8400 0000 | 0000 4c8b | 5424 7845 | 036a 0c45 | 896a 0c45 | 8b5a 1447 | 8b54 dc0c 
  0x000001f6df4897a8: 4c8b 4424 | 7845 0fbe | 4010 c442 | 3af7 d245 | 8bcd 452b | ca41 ffc1 | 4585 c90f | 8f7c 0e00 
  0x000001f6df4897c8: 004c 8b54 | 2478 4180 | 7a10 000f | 854c 1400 | 0041 8b6a | 0c44 8bd5 | 41ff c24c | 8b44 2478 
  0x000001f6df4897e8: 4589 500c 

  0x000001f6df4897ec: ; implicit exception: dispatches to 0x000001f6df48cee0
  0x000001f6df4897ec: 478b 54dc | 0c41 3bea | 0f83 e625 | 0000 4f8d | 14dc 41c6 | 442a 103a | 418b 6cdc | 2485 ed74 
  0x000001f6df48980c: 1945 8b5c | ec14 478b | 54dc 0c45 | 85d2 660f | 1f44 0000 | 0f87 7a27 | 0000 4c8b | 5424 7841 
  0x000001f6df48982c: 8b6a 1445 | 8b5c ec0c | 458b 420c | 450f be52 | 10c4 422a | f7db 458b | d045 2bd3 | 4585 d20f 
  0x000001f6df48984c: 8fb8 0e00 | 004c 8b54 | 2478 450f | be52 104c | 8b5c 2478 | 458b 5b0c | 4585 d20f | 85d7 2c00 
  0x000001f6df48986c: 004c 8b54 | 2478 418b | 6a14 6666 | 0f1f 8400 | 0000 0000 

  0x000001f6df489880: ; implicit exception: dispatches to 0x000001f6df48cdb8
  0x000001f6df489880: 458b 54ec | 0c45 85db 

  0x000001f6df489888: ;   {no_reloc}
  0x000001f6df489888: 0f8c f225 | 0000 453b | d30f 82e9 | 2500 0041 | 8b4c dc28 | 0f1f 4000 

  0x000001f6df4898a0: ; implicit exception: dispatches to 0x000001f6df48d0c0
  0x000001f6df4898a0: 458b 5ccc | 1443 8b54 | dc0c 4c8b | 5424 7841 | 8b6a 1445 | 8b54 ec0c | 450f be5c | cc10 4c8b 
  0x000001f6df4898c0: 4424 7845 | 8b48 0cc4 | 6222 f7ea | 410f be40 | 1047 8d04 | 29c4 427a | f7d2 418b | d041 2bd2 
  0x000001f6df4898e0: 85d2 0f8f | e70e 0000 | 413b c30f | 85bf 2c00 | 004c 8b54 | 2478 418b | 7214 660f | 1f44 0000 
  0x000001f6df489900: 443b d80f | 85d7 2900 | 0045 8b54 | cc14 478b | 5cd4 0cc4 | c279 f7e9 | 0f1f 8400 | 0000 0000 
  0x000001f6df489920: ; implicit exception: dispatches to 0x000001f6df48ce18
  0x000001f6df489920: 458b 44f4 | 0c85 ed0f | 8c8f 2500 | 0045 8d0c | 2b45 3bc1 | 0f82 8225 | 0000 660f | 1f44 0000 
  0x000001f6df489940: 4585 db76 | 2d4d 63c3 | 4f8d 1cd4 | 4b8d 4cd4 | 104d 8d14 | f449 8d54 | 2a10 c5f8 | 7749 baa0 
  0x000001f6df489960: 2d9a def6 | 0100 0041 

  0x000001f6df489968: ;   {other}
  0x000001f6df489968: ffd2 0f1f | 8400 0000 | 0000 458b | c54c 8b54 | 2478 4503 | 420c 4589 | 420c 418b | 6cdc 2085 
  0x000001f6df489988: ed0f 8599 | 2c00 0041 | 8b6a 1445 | 8b54 ec0c | 4c8b 5c24 | 7845 0fbe | 4b10 c442 | 32f7 d245 
  0x000001f6df4899a8: 8bc8 452b | ca45 85c9 | 0f8f 0f0f | 0000 4c8b | 5424 7845 | 0fbe 4210 | 458b 520c | 4585 c00f 
  0x000001f6df4899c8: 858b 2c00 | 004c 8b5c | 2478 418b | 6b14 6666 | 0f1f 8400 | 0000 0000 

  0x000001f6df4899e0: ; implicit exception: dispatches to 0x000001f6df48ce50
  0x000001f6df4899e0: 458b 5cec | 0c45 85d2 | 0f8c 1a25 | 0000 453b | da0f 8211 | 2500 0041 | 8b6c dc30 | 0f1f 4000 
  0x000001f6df489a00: 85ed 0f85 | bc2c 0000 | 4c8b 5424 | 7845 8b4a | 1447 8b54 | cc0c 4c8b | 5c24 7841 | 0fbe 6b10 
  0x000001f6df489a20: 458b 430c | c442 52f7 | da45 8bd0 | 452b d345 | 85d2 0f8f | 5a0f 0000 | 85ed 660f | 1f44 0000 
  0x000001f6df489a40: 0f85 aa2c | 0000 4c8b | 5424 7841 | 8b6a 1445 | 8b54 ec0c | 4585 c00f | 8ce7 2400 | 0066 6690 
  0x000001f6df489a60: 453b d00f | 82db 2400 

  0x000001f6df489a68: ;   {no_reloc}
  0x000001f6df489a68: 0049 8b87 | b801 0000 | 4c8b d049 | 83c2 1866 | 0f1f 8400 | 0000 0000 | 4d3b 97c8 | 0100 000f 
  0x000001f6df489a88: 835c 1800 | 004d 8997 | b801 0000 | 410f 0d8a | c000 0000 | 48c7 0001 

  0x000001f6df489aa0: ;   {metadata('java/lang/String')}
  0x000001f6df489aa0: 0000 00c7 | 4008 d8e8 | 0000 4489 | 600c 4c89 | 6010 4889 | 4424 584c | 8b54 2478 | 458b 4a0c 
  0x000001f6df489ac0: 458b 4214 | 4180 7a10 | 000f 859f | 1600 0043 | 8b7c c40c | 4f8d 14c4 | 4c89 9424 | 8000 0000 
  0x000001f6df489ae0: 4b8d 5cc4 | 1044 3bcf | 0f85 a900 | 0000 4c63 | cf81 ff00 | 0010 000f | 876a 1f00 | 0049 8bb7 
  0x000001f6df489b00: b801 0000 | 4d8d 5117 | 4983 e2f8 | 4c8b de4d | 03da 6666 | 0f1f 8400 | 0000 0000 | 6666 6690 
  0x000001f6df489b20: 4d3b 9fc8 | 0100 000f | 833a 1f00 | 004d 899f | b801 0000 | 410f 0d8b | c000 0000 | 48c7 0601 
  0x000001f6df489b40: 0000 0041 | 0f0d 8b00 

  0x000001f6df489b48: ;   {metadata({type array byte})}
  0x000001f6df489b48: 0100 00c7 | 4608 c022 | 0000 897e | 0c41 0f0d | 8b40 0100 | 0041 0f0d | 8b80 0100 | 0048 8bd6 
  0x000001f6df489b68: 4883 c210 | 4983 c107 | 49c1 e903 | 488b cb4d | 8bc1 c5f8 | 7749 ba60 | 339a def6 | 0100 0041 
  0x000001f6df489b88: ;   {other}
  0x000001f6df489b88: ffd2 0f1f | 8400 0000 | 0000 e9f2 | 0000 0045 | 85c9 660f | 1f44 0000 | 0f8c c22b | 0000 4181 
  0x000001f6df489ba8: f900 0010 | 000f 873d | 2400 004d | 63d9 413b | f98b ef41 | 0f4f e990 | 3bfd 0f82 | 9d24 0000 
  0x000001f6df489bc8: 443b cd0f | 8294 2400 | 0049 83c3 | 174d 8bc3 | 4983 e0f8 | 0f1f 4000 | 4181 f900 | 0010 000f 
  0x000001f6df489be8: 87ae 1700 | 0049 8bb7 | b801 0000 | 4c8b d64d | 03d0 660f | 1f44 0000 | 4d3b 97c8 | 0100 000f 
  0x000001f6df489c08: 838e 1700 | 004d 8997 | b801 0000 | 410f 0d8a | c000 0000 | 48c7 0601 | 0000 0041 | 0f0d 8a00 
  0x000001f6df489c28: ;   {metadata({type array byte})}
  0x000001f6df489c28: 0100 00c7 | 4608 c022 | 0000 4489 | 4e0c 410f | 0d8a 4001 | 0000 410f | 0d8a 8001 | 0000 488b 
  0x000001f6df489c48: d648 83c2 | 1049 c1eb | 0385 ed0f | 849f 2300 | 0041 3be9 | 0f1f 4000 | 0f8c 5f10 | 0000 4983 
  0x000001f6df489c68: c0f0 49c1 | e803 488b | cbc5 f877 | 49ba 6033 | 9ade f601 | 0000 41ff 

  0x000001f6df489c80: ;   {other}
  0x000001f6df489c80: d20f 1f84 | 0000 0000 | 0041 807f | 4000 0f85 | a70e 0000 | 4c8b d649 | c1ea 034c | 8b5c 2458 
  0x000001f6df489ca0: 4589 5314 | 4d8b d34c | 8bde 4d33 | da49 c1eb | 154d 85db | 741a 49c1 | ea09 48b9 | 00d0 41e3 
  0x000001f6df489cc0: f601 0000 | 4903 ca80 | 3902 0f85 | fd0e 0000 | 488b 5424 | 284c 8b44 | 2448 4c8b | 4c24 308b 
  0x000001f6df489ce0: 7c24 388b | 7424 3c48 | 8b4c 2440 | 4c8b 5424 | 584c 8914 | 2466 6690 

  0x000001f6df489cf8: ;   {static_call}
  0x000001f6df489cf8: c5f8 77e8 

  0x000001f6df489cfc: ; ImmutableOopMap {[40]=Oop [64]=Oop }
                      ;*invokestatic defineClass1 {reexecute=0 rethrow=0 return_oop=1}
                      ; - java.lang.ClassLoader::defineClass@27 (line 1027)
  0x000001f6df489cfc: c092 aeff 

  0x000001f6df489d00: ;   {other}
  0x000001f6df489d00: 0f1f 8400 | f011 0002 | 4889 4424 | 3044 8b58 | 3c45 85db | 7418 4b8d | 1cdc 49ba | 00d0 41e3 
  0x000001f6df489d20: f601 0000 | 4c89 5424 | 38e9 5103 | 0000 4c8b | 5010 458b | 4208 4585 | c00f 8c75 | 2400 0044 
  0x000001f6df489d40: 8b58 2c45 | 85db 0f84 | 200d 0000 | 4f8d 0cdc | 458b 5914 

  0x000001f6df489d54: ; implicit exception: dispatches to 0x000001f6df48cf48
  0x000001f6df489d54: 438b 7cdc | 0c41 0fbe | 4910 c4e2 | 72f7 df8b | c3ff c885 | c90f 855d | 2b00 004b | 8d2c dc44 
  0x000001f6df489d74: 8bc7 41ff | c844 3bc0 | 440f 4fc0 | 4585 c00f | 8c5f 0d00 | 0049 ba00 | d041 e3f6 | 0100 004c 
  0x000001f6df489d94: 8954 2438 | 0f1f 8400 | 0000 0000 | 443b c70f | 8354 1d00 | 0042 807c | 0510 2e74 | 1a49 8b8f 
  0x000001f6df489db4: 5804 0000 

  0x000001f6df489db8: ; ImmutableOopMap {r11=NarrowOop r9=Oop rbp=Oop [40]=Oop [48]=Oop [64]=Oop }
                      ;*goto {reexecute=1 rethrow=0 return_oop=0}
                      ; - (reexecute) java.lang.StringLatin1::lastIndexOf@35 (line 285)
                      ; - java.lang.String::lastIndexOf@13 (line 2573)
                      ; - java.lang.String::lastIndexOf@8 (line 2535)
                      ; - java.lang.Class::getPackageName@47 (line 1168)
                      ; - java.lang.ClassLoader::postDefineClass@2 (line 934)
                      ; - java.lang.ClassLoader::defineClass@37 (line 1028)
                      ;   {poll}
  0x000001f6df489db8: 41ff c885 | 0166 6690 | 4585 c07d | db41 b8ff | ffff ff41 | 83f8 ff0f | 8493 2b00 | 0045 85c0 
  0x000001f6df489dd8: 0f8c 322b | 0000 6690 | 443b c30f | 8fab 2b00 | 0044 3bc3 | 7508 498b | d9e9 2202 | 0000 4585 
  0x000001f6df489df8: c00f 8426 | 0d00 0049 | 8b9f b801 | 0000 4c8b | d349 83c2 | 184d 3b97 | c801 0000 | 0f83 ce17 
  0x000001f6df489e18: 0000 4d89 | 97b8 0100 | 0041 0f0d | 8ac0 0000 | 0048 c703 | 0100 0000 

  0x000001f6df489e30: ;   {metadata('java/lang/String')}
  0x000001f6df489e30: c743 08d8 | e800 0044 | 8963 0c4c | 8963 104f | 8d54 dc10 | 443b c70f | 8598 0000 | 004c 63cf 
  0x000001f6df489e50: 81ff 0000 | 1000 0f87 | a91e 0000 | 498b b7b8 | 0100 004d | 8d41 1749 | 83e0 f848 | 8bce 4903 
  0x000001f6df489e70: c849 3b8f | c801 0000 | 0f83 871e | 0000 4989 | 8fb8 0100 | 000f 0d89 | c000 0000 | 48c7 0601 
  0x000001f6df489e90: 0000 000f | 0d89 0001 

  0x000001f6df489e98: ;   {metadata({type array byte})}
  0x000001f6df489e98: 0000 c746 | 08c0 2200 | 0089 7e0c | 0f0d 8940 | 0100 000f | 0d89 8001 | 0000 488b | d648 83c2 
  0x000001f6df489eb8: 1049 83c1 | 0749 c1e9 | 0349 8bca | 4d8b c1c5 | f877 49ba | 6033 9ade | f601 0000 

  0x000001f6df489ed4: ;   {other}
  0x000001f6df489ed4: 41ff d20f | 1f84 0000 | 0000 0090 | e9ed 0000 | 0041 81f8 | 0000 1000 | 0f87 3629 | 0000 4d63 
  0x000001f6df489ef4: c841 3bf8 | 8bcf 410f | 4fc8 894c | 2454 3bf9 | 0f82 9229 | 0000 443b | c10f 8289 | 2900 0049 
  0x000001f6df489f14: 83c1 1749 | 8bf9 4883 | e7f8 6690 | 4181 f800 | 0010 000f | 879d 1a00 | 0049 8bb7 | b801 0000 
  0x000001f6df489f34: 4c8b de4c | 03df 660f | 1f44 0000 | 4d3b 9fc8 | 0100 000f | 837d 1a00 | 004d 899f | b801 0000 
  0x000001f6df489f54: 410f 0d8b | c000 0000 | 48c7 0601 | 0000 0041 | 0f0d 8b00 

  0x000001f6df489f68: ;   {metadata({type array byte})}
  0x000001f6df489f68: 0100 00c7 | 4608 c022 | 0000 4489 | 460c 410f | 0d8b 4001 | 0000 410f | 0d8b 8001 | 0000 4c8b 
  0x000001f6df489f88: de49 83c3 | 1049 c1e9 | 038b 6c24 | 5485 ed0f | 8493 2800 | 0066 6690 | 413b e80f | 8c27 1100 
  0x000001f6df489fa8: 0048 83c7 | f048 c1ef | 0349 8bca | 498b d34c | 8bc7 c5f8 | 7749 ba60 | 339a def6 | 0100 0041 
  0x000001f6df489fc8: ;   {other}
  0x000001f6df489fc8: ffd2 0f1f | 8400 0000 | 0000 4180 | 7f40 000f | 8568 1000 | 004c 8bd3 | 4c8b de49 | c1eb 0344 
  0x000001f6df489fe8: 895b 144c | 8bde 4d33 | da49 c1eb | 154d 85db | 741a 49c1 | ea09 48b9 | 00d0 41e3 | f601 0000 
  0x000001f6df48a008: 4903 ca80 | 3902 0f85 | 6b10 0000 | 4488 6310 | 488b d390 

  0x000001f6df48a01c: ;   {optimized virtual_call}
  0x000001f6df48a01c: c5f8 77e8 

  0x000001f6df48a020: ; ImmutableOopMap {[40]=Oop [48]=Oop [64]=Oop }
                      ;*invokevirtual intern {reexecute=0 rethrow=0 return_oop=1}
                      ; - java.lang.Class::getPackageName@65 (line 1169)
                      ; - java.lang.ClassLoader::postDefineClass@2 (line 934)
                      ; - java.lang.ClassLoader::defineClass@37 (line 1028)
  0x000001f6df48a020: 1cab a9ff 

  0x000001f6df48a024: ;   {other}
  0x000001f6df48a024: 0f1f 8400 | 1415 0004 | 488b d841 | 807f 4000 | 0f85 de0e | 0000 4c8b | d349 c1ea | 034c 8b5c 
  0x000001f6df48a044: 2430 4589 | 533c 4d8b | d34c 8bdb | 4d33 da49 | c1eb 154d | 85db 7423 | 0f1f 4000 | 4885 db74 
  0x000001f6df48a064: 1a49 c1ea | 0948 b900 | d041 e3f6 | 0100 0049 | 03ca 8039 | 020f 85d5 | 0e00 004c | 8b54 2428 
  0x000001f6df48a084: 418b 4a38 | 85c9 0f84 | 381d 0000 | 4c8b db8b | 430c 4c8b | 5424 3045 | 8b42 3090 | 85c0 0f84 
  0x000001f6df48a0a4: 0204 0000 | 458b 4ccc | 2845 85c9 | 0f84 3b01 | 0000 438b | 6ccc 0c85 | ed66 6690 | 0f86 d222 
  0x000001f6df48a0c4: 0000 448b | d041 c1ea | 1044 33d0 | 49c1 e103 | 4181 e2ff | ffff 7fff | cd41 23ea | 4863 cd41 
  0x000001f6df48a0e4: 8b5c 8910 | 85db 0f84 | 0101 0000 | 458b 4cdc | 0c49 8d0c | dc45 3bca | 0f1f 4000 | 0f84 c602 
  0x000001f6df48a104: 0000 4585 | c90f 8cfa | 1100 008b | 4918 85c9 | 0f84 d700 | 0000 498d | 3ccc 498b 

  0x000001f6df48a120: ;   {no_reloc}
  0x000001f6df48a120: 9758 0400 

  0x000001f6df48a124: ; ImmutableOopMap {r11=Oop r8=NarrowOop rdi=Oop [40]=Oop [48]=Oop [64]=Oop }
                      ;*if_icmpne {reexecute=1 rethrow=0 return_oop=0}
                      ; - (reexecute) java.util.concurrent.ConcurrentHashMap::get@127 (line 946)
                      ; - java.lang.ClassLoader::getNamedPackage@5 (line 341)
                      ; - java.lang.ClassLoader::postDefineClass@9 (line 934)
                      ; - java.lang.ClassLoader::defineClass@37 (line 1028)
  0x000001f6df48a124: 008b 4f0c 

  0x000001f6df48a128: ;   {poll}
  0x000001f6df48a128: 8502 413b | ca74 138b | 4f18 85c9 | 0f84 b700 | 0000 498d | 3ccc 6690 | ebdc 8b6f | 104c 8bcd 
  0x000001f6df48a148: 49c1 e103 | 4d3b cb0f | 8491 0000 | 0085 ed0f | 84cb 2900 | 0048 897c | 2460 4489 | 5424 5c44 
  0x000001f6df48a168: 8944 2458 | 4c89 5c24 | 504c 8b54 | 2430 4c89 | 5424 484c | 8b54 2440 | 4c89 5424 | 304c 8b54 
  0x000001f6df48a188: 2428 4c89 | 5424 204d | 8d04 ec49 | 8bd3 488b | 6c24 4890 

  0x000001f6df48a19c: ;   {optimized virtual_call}
  0x000001f6df48a19c: c5f8 77e8 

  0x000001f6df48a1a0: ; ImmutableOopMap {rbp=Oop [32]=Oop [48]=Oop [80]=Oop [88]=NarrowOop [96]=Oop }
                      ;*invokevirtual equals {reexecute=0 rethrow=0 return_oop=0}
                      ; - java.util.concurrent.ConcurrentHashMap::get@149 (line 947)
                      ; - java.lang.ClassLoader::getNamedPackage@5 (line 341)
                      ; - java.lang.ClassLoader::postDefineClass@9 (line 934)
                      ; - java.lang.ClassLoader::defineClass@37 (line 1028)
  0x000001f6df48a1a0: dc48 53ff 

  0x000001f6df48a1a4: ;   {other}
  0x000001f6df48a1a4: 0f1f 8400 | 9416 0006 | 4d8b 9758 

  0x000001f6df48a1b0: ; ImmutableOopMap {rbp=Oop [32]=Oop [48]=Oop [80]=Oop [88]=NarrowOop [96]=Oop }
                      ;*ifeq {reexecute=1 rethrow=0 return_oop=0}
                      ; - (reexecute) java.util.concurrent.ConcurrentHashMap::get@152 (line 947)
                      ; - java.lang.ClassLoader::getNamedPackage@5 (line 341)
                      ; - java.lang.ClassLoader::postDefineClass@9 (line 934)
                      ; - java.lang.ClassLoader::defineClass@37 (line 1028)
                      ;   {poll}
  0x000001f6df48a1b0: 0400 0041 | 8502 85c0 | 0f84 f808 | 0000 4c8b | 5424 204c | 8954 2428 | 4c8b 5424 | 304c 8954 
  0x000001f6df48a1d0: 2440 4889 | 6c24 304c | 8b5c 2450 | 448b 4424 | 5848 8b7c | 2460 8b6f | 1485 ed0f | 854e 0200 
  0x000001f6df48a1f0: 0049 8b87 | b801 0000 | 4c8b d049 | 83c2 1890 | 4d3b 97c8 | 0100 000f | 8380 1200 | 004d 8997 
  0x000001f6df48a210: b801 0000 | 410f 0d8a | c000 0000 | 48c7 0001 

  0x000001f6df48a220: ;   {metadata('java/lang/NamedPackage')}
  0x000001f6df48a220: 0000 00c7 | 4008 88bf | 0100 4489 | 600c 4c89 | 6010 4c89 | 5c24 2044 | 8944 2448 | 4889 4424 
  0x000001f6df48a240: 5048 8b54 | 2420 6690 

  0x000001f6df48a248: ;   {optimized virtual_call}
  0x000001f6df48a248: c5f8 77e8 

  0x000001f6df48a24c: ; ImmutableOopMap {[32]=Oop [40]=Oop [48]=Oop [64]=Oop [72]=NarrowOop [80]=Oop }
                      ;*invokevirtual isEmpty {reexecute=0 rethrow=0 return_oop=0}
                      ; - java.lang.NamedPackage::<init>@5 (line 48)
                      ; - java.lang.ClassLoader::getNamedPackage@22 (line 343)
                      ; - java.lang.ClassLoader::postDefineClass@9 (line 934)
                      ; - java.lang.ClassLoader::defineClass@37 (line 1028)
  0x000001f6df48a24c: 3048 53ff 

  0x000001f6df48a250: ;   {other}
  0x000001f6df48a250: 0f1f 8400 | 4017 0008 | 85c0 742c | 448b 5c24 | 4845 85db | 0f84 9e1e | 0000 4b8d | 14dc 6690 
  0x000001f6df48a270: ;   {optimized virtual_call}
  0x000001f6df48a270: c5f8 77e8 

  0x000001f6df48a274: ; ImmutableOopMap {[32]=Oop [40]=Oop [48]=Oop [64]=Oop [72]=NarrowOop [80]=Oop }
                      ;*invokevirtual isNamed {reexecute=0 rethrow=0 return_oop=0}
                      ; - java.lang.NamedPackage::<init>@12 (line 48)
                      ; - java.lang.ClassLoader::getNamedPackage@22 (line 343)
                      ; - java.lang.ClassLoader::postDefineClass@9 (line 934)
                      ; - java.lang.ClassLoader::defineClass@37 (line 1028)
  0x000001f6df48a274: 0848 53ff 

  0x000001f6df48a278: ;   {other}
  0x000001f6df48a278: 0f1f 8400 | 6817 0009 | 85c0 0f85 | 981e 0000 | 448b 5c24 | 4849 8beb | 48c1 e503 | 488b 5424 
  0x000001f6df48a298: 2066 6690 

  0x000001f6df48a29c: ;   {optimized virtual_call}
  0x000001f6df48a29c: c5f8 77e8 

  0x000001f6df48a2a0: ; ImmutableOopMap {rbp=Oop [32]=Oop [40]=Oop [48]=Oop [64]=Oop [72]=NarrowOop [80]=Oop }
                      ;*invokevirtual intern {reexecute=0 rethrow=0 return_oop=1}
                      ; - java.lang.NamedPackage::<init>@47 (line 51)
                      ; - java.lang.ClassLoader::getNamedPackage@22 (line 343)
                      ; - java.lang.ClassLoader::postDefineClass@9 (line 934)
                      ; - java.lang.ClassLoader::defineClass@37 (line 1028)
  0x000001f6df48a2a0: dc47 53ff 

  0x000001f6df48a2a4: ;   {other}
  0x000001f6df48a2a4: 0f1f 8400 | 9417 000a | 488b d841 | 807f 4000 | 0f85 360b  53ff 

  0x000001f6df48a50c: ;   {other}
  0x000001f6df48a50c: 0f1f 8400 | fc19 000e | 85c0 0f84 | a915 0000 | 4c8b 5c24 | 5041 8943 | 0c4c 8b54 | 2420 4c89 
  0x000001f6df48a52c: 5424 284c | 8b54 2430 | 4c89 5424 | 404c 8b54 | 2448 4c89 | 5424 308b | 4c24 5844 | 8b44 245c 
  0x000001f6df48a54c: e957 fbff | ff44 896c | 2470 8974 | 246c 4c8b | 5424 784c | 8954 2460 | 4889 7c24 | 5889 5c24 
  0x000001f6df48a56c: 544c 8b54 | 2448 4c89 | 5424 2049 | 8d2c cc89 | 4c24 6848 | 8b54 2460 | 4889 5424 | 4866 6690 
  0x000001f6df48a58c: ;   {optimized virtual_call}
  0x000001f6df48a58c: c5f8 77e8 

  0x000001f6df48a590: ; ImmutableOopMap {rbp=Oop [32]=Oop [40]=Oop [48]=Oop [64]=Oop [72]=Oop [84]=NarrowOop [88]=Oop [96]=Oop [104]=NarrowOop [108]=NarrowOop [120]=Oop }
                      ;*invokevirtual newCapacity {reexecute=0 rethrow=0 return_oop=0}
                      ; - java.lang.AbstractStringBuilder::ensureCapacityInternal@24 (line 243)
                      ; - java.lang.AbstractStringBuilder::append@21 (line 587)
                      ; - java.lang.StringBuilder::append@2 (line 179)
                      ; - java.net.URLStreamHandler::toExternalForm@11 (line 480)
                      ; - java.net.URL::toExternalForm@5 (line 1203)
                      ; - java.net.URL::toString@1 (line 1189)
                      ; - java.lang.ClassLoader::defineClassSourceLocation@22 (line 927)
                      ; - java.lang.ClassLoader::defineClass@12 (line 1026)
  0x000001f6df48a590: ec44 53ff 

  0x000001f6df48a594: ;   {other}
  0x000001f6df48a594: 0f1f 8400 | 841a 000f | 4c8b 5424 | 4845 0fbe | 5210 c462 | 29f7 c044 | 8b54 246c | 498b d248 
  0x000001f6df48a5b4: c1e2 0390 

  0x000001f6df48a5b8: ;   {static_call}
  0x000001f6df48a5b8: c5f8 77e8 

  0x000001f6df48a5bc: ; ImmutableOopMap {rbp=Oop [32]=Oop [40]=Oop [48]=Oop [64]=Oop [84]=NarrowOop [88]=Oop [96]=Oop [104]=NarrowOop [120]=Oop }
                      ;*invokestatic copyOf {reexecute=0 rethrow=0 return_oop=1}
                      ; - java.lang.AbstractStringBuilder::ensureCapacityInternal@32 (line 242)
                      ; - java.lang.AbstractStringBuilder::append@21 (line 587)
                      ; - java.lang.StringBuilder::append@2 (line 179)
                      ; - java.net.URLStreamHandler::toExternalForm@11 (line 480)
                      ; - java.net.URL::toExternalForm@5 (line 1203)
                      ; - java.net.URL::toString@1 (line 1189)
                      ; - java.lang.ClassLoader::defineClassSourceLocation@22 (line 927)
                      ; - java.lang.ClassLoader::defineClass@12 (line 1026)
  0x000001f6df48a5bc: c04a 53ff 

  0x000001f6df48a5c0: ;   {other}
  0x000001f6df48a5c0: 0f1f 8400 | b01a 0010 | 488b d841 | 807f 4000 | 0f85 9610 | 0000 4c8b | c34d 8bd0 | 49c1 ea03 
  0x000001f6df48a5e0: 4c8b 5c24 | 6045 8953 | 144d 8bd3 | 4d8b d84d | 33da 49c1 | eb15 4d85 | db74 240f | 1f44 0000 
  0x000001f6df48a600: 4d85 c074 | 1a49 c1ea | 0948 b900 | d041 e3f6 | 0100 0049 | 03ca 8039 | 020f 85c0 | 1100 004c 
  0x000001f6df48a620: 8b54 2420 | 4c89 5424 | 488b 5c24 | 5448 8b7c | 2458 8b4c | 2468 448b | 6c24 700f | 1f44 0000 
  0x000001f6df48a640: e9b6 f0ff | ff44 895c | 2460 488b | 6c24 7848 | 897c 2458 | 895c 2454 | 4c8b 5424 | 484c 8954 
  0x000001f6df48a660: 2420 458b | c541 ffc0 | 488b d590 

  0x000001f6df48a66c: ;   {optimized virtual_call}
  0x000001f6df48a66c: c5f8 77e8 

  0x000001f6df48a670: ; ImmutableOopMap {rbp=Oop [32]=Oop [40]=Oop [48]=Oop [64]=Oop [84]=NarrowOop [88]=Oop [96]=NarrowOop [120]=Oop }
                      ;*invokevirtual newCapacity {reexecute=0 rethrow=0 return_oop=0}
                      ; - java.lang.AbstractStringBuilder::ensureCapacityInternal@24 (line 243)
                      ; - java.lang.AbstractStringBuilder::append@7 (line 806)
                      ; - java.lang.StringBuilder::append@2 (line 246)
                      ; - java.net.URLStreamHandler::toExternalForm@16 (line 480)
                      ; - java.net.URL::toExternalForm@5 (line 1203)
                      ; - java.net.URL::toString@1 (line 1189)
                      ; - java.lang.ClassLoader::defineClassSourceLocation@22 (line 927)
                      ; - java.lang.ClassLoader::defineClass@12 (line 1026)
  0x000001f6df48a670: 0c44 53ff 

  0x000001f6df48a674: ;   {other}
  0x000001f6df48a674: 0f1f 8400 | 641b 0011 | 440f be5d | 10c4 6221 | f7c0 448b | 5424 6049 | 8bd2 48c1 | e203 6690 
  0x000001f6df48a694: ;   {static_call}
  0x000001f6df48a694: c5f8 77e8 

  0x000001f6df48a698: ; ImmutableOopMap {rbp=Oop [32]=Oop [40]=Oop [48]=Oop [64]=Oop [84]=NarrowOop [88]=Oop [120]=Oop }
                      ;*invokestatic copyOf {reexecute=0 rethrow=0 return_oop=1}
                      ; - java.lang.AbstractStringBuilder::ensureCapacityInternal@32 (line 242)
                      ; - java.lang.AbstractStringBuilder::append@7 (line 806)
                      ; - java.lang.StringBuilder::append@2 (line 246)
                      ; - java.net.URLStreamHandler::toExternalForm@16 (line 480)
                      ; - java.net.URL::toExternalForm@5 (line 1203)
                      ; - java.net.URL::toString@1 (line 1189)
                      ; - java.lang.ClassLoader::defineClassSourceLocation@22 (line 927)
                      ; - java.lang.ClassLoader::defineClass@12 (line 1026)
  0x000001f6df48a698: e449 53ff 

  0x000001f6df48a69c: ;   {other}
  0x000001f6df48a69c: 0f1f 8400 | 8c1b 0012 | 488b d841 | 807f 4000 | 0f85 f60f | 0000 4c8b | cb4d 8bd9 | 49c1 eb03 
  0x000001f6df48a6bc: 4489 5d14 | 4c8b d54d | 8bc1 4d33 | c249 c1e8 | 154d 85c0 | 741f 4d85 | c974 1a49 | c1ea 0948 
  0x000001f6df48a6dc: b900 d041 | e3f6 0100 | 0049 03ca | 8039 020f | 853f 1100 | 004c 8b54 | 2420 4c89 | 5424 488b 
  0x000001f6df48a6fc: 5c24 5448 | 8b7c 2458 | e9c0 f0ff | ff4c 8b54 | 2478 4c89 | 5424 6048 | 897c 2458 | 895c 2454 
  0x000001f6df48a71c: 4c8b 5424 | 484c 8954 | 2420 488b | 5424 6048 | 8954 2448 

  0x000001f6df48a730: ;   {optimized virtual_call}
  0x000001f6df48a730: c5f8 77e8 

  0x000001f6df48a734: ; ImmutableOopMap {rbp=NarrowOop [32]=Oop [40]=Oop [48]=Oop [64]=Oop [72]=Oop [84]=NarrowOop [88]=Oop [96]=Oop [120]=Oop }
                      ;*invokevirtual newCapacity {reexecute=0 rethrow=0 return_oop=0}
                      ; - java.lang.AbstractStringBuilder::ensureCapacityInternal@24 (line 243)
                      ; - java.lang.AbstractStringBuilder::append@21 (line 587)
                      ; - java.lang.StringBuilder::append@2 (line 179)
                      ; - java.net.URLStreamHandler::toExternalForm@59 (line 483)
                      ; - java.net.URL::toExternalForm@5 (line 1203)
                      ; - java.net.URL::toString@1 (line 1189)
                      ; - java.lang.ClassLoader::defineClassSourceLocation@22 (line 927)
                      ; - java.lang.ClassLoader::defineClass@12 (line 1026)
  0x000001f6df48a734: 4843 53ff 

  0x000001f6df48a738: ;   {other}
  0x000001f6df48a738: 0f1f 8400 | 281c 0013 | 4c8b 5424 | 4845 0fbe | 5210 c462 | 29f7 c048 | 8bd5 48c1 | e203 6690 
  0x000001f6df48a758: ;   {static_call}
  0x000001f6df48a758: c5f8 77e8 

  0x000001f6df48a75c: ; ImmutableOopMap {[32]=Oop [40]=Oop [48]=Oop [64]=Oop [84]=NarrowOop [88]=Oop [96]=Oop [120]=Oop }
                      ;*invokestatic copyOf {reexecute=0 rethrow=0 return_oop=1}
                      ; - java.lang.AbstractStringBuilder::ensureCapacityInternal@32 (line 242)
                      ; - java.lang.AbstractStringBuilder::append@21 (line 587)
                      ; - java.lang.StringBuilder::append@2 (line 179)
                      ; - java.net.URLStreamHandler::toExternalForm@59 (line 483)
                      ; - java.net.URL::toExternalForm@5 (line 1203)
                      ; - java.net.URL::toString@1 (line 1189)
                      ; - java.lang.ClassLoader::defineClassSourceLocation@22 (line 927)
                      ; - java.lang.ClassLoader::defineClass@12 (line 1026)
  0x000001f6df48a75c: 2049 53ff 

  0x000001f6df48a760: ;   {other}
  0x000001f6df48a760: 0f1f 8400 | 501c 0014 | 488b d841 | 807f 4000 | 0f85 690f | 0000 4c8b | c34d 8bd8 | 49c1 eb03 
  0x000001f6df48a780: 4c8b 5424 | 6045 895a | 144d 8bd8 | 4d33 da49 | c1eb 154d | 85db 741f | 4d85 c074 | 1a49 c1ea 
  0x000001f6df48a7a0: 0948 b900 | d041 e3f6 | 0100 0049 | 03ca 8039 | 020f 85ce | 1000 004c | 8b54 2420 | 4c89 5424 
  0x000001f6df48a7c0: 488b 5c24 | 5448 8b7c | 2458 e982 | f0ff ff44 | 896c 246c | 896c 2468 | 4c8b 5424 | 784c 8954 
  0x000001f6df48a7e0: 2460 4889 | 7c24 5889 | 5c24 544c | 8b54 2448 | 4c89 5424 | 2049 8d2c | cc89 4c24 | 4848 8b54 
  0x000001f6df48a800: 2460 6690 

  0x000001f6df48a804: ;   {optimized virtual_call}
  0x000001f6df48a804: c5f8 77e8 

  0x000001f6df48a808: ; ImmutableOopMap {rbp=Oop [32]=Oop [40]=Oop [48]=Oop [64]=Oop [72]=NarrowOop [84]=NarrowOop [88]=Oop [96]=Oop [104]=NarrowOop [120]=Oop }
                      ;*invokevirtual newCapacity {reexecute=0 rethrow=0 return_oop=0}
                      ; - java.lang.AbstractStringBuilder::ensureCapacityInternal@24 (line 243)
                      ; - java.lang.AbstractStringBuilder::append@21 (line 587)
                      ; - java.lang.StringBuilder::append@2 (line 179)
                      ; - java.net.URLStreamHandler::toExternalForm@77 (line 484)
                      ; - java.net.URL::toExternalForm@5 (line 1203)
                      ; - java.net.URL::toString@1 (line 1189)
                      ; - java.lang.ClassLoader::defineClassSourceLocation@22 (line 927)
                      ; - java.lang.ClassLoader::defineClass@12 (line 1026)
  0x000001f6df48a808: b4fa acff 

  0x000001f6df48a80c: ;   {other}
  0x000001f6df48a80c: 0f1f 8400 | fc1c 0015 | 4c8b 5424 | 6045 0fbe | 5a10 c462 | 21f7 c044 | 8b54 2468 | 498b d248 
  0x000001f6df48a82c: c1e2 0390 

  0x000001f6df48a830: ;   {static_call}
  0x000001f6df48a830: c5f8 77e8 

  0x000001f6df48a834: ; ImmutableOopMap {rbp=Oop [32]=Oop [40]=Oop [48]=Oop [64]=Oop [72]=NarrowOop [84]=NarrowOop [88]=Oop [96]=Oop [120]=Oop }
                      ;*invokestatic copyOf {reexecute=0 rethrow=0 return_oop=1}
                      ; - java.lang.AbstractStringBuilder::ensureCapacityInternal@32 (line 242)
                      ; - java.lang.AbstractStringBuilder::append@21 (line 587)
                      ; - java.lang.StringBuilder::append@2 (line 179)
                      ; - java.net.URLStreamHandler::toExternalForm@77 (line 484)
                      ; - java.net.URL::toExternalForm@5 (line 1203)
                      ; - java.net.URL::toString@1 (line 1189)
                      ; - java.lang.ClassLoader::defineClassSourceLocation@22 (line 927)
                      ; - java.lang.ClassLoader::defineClass@12 (line 1026)
  0x000001f6df48a834: e88b b4ff 

  0x000001f6df48a838: ;   {other}
  0x000001f6df48a838: 0f1f 8400 | 281d 0016 | 488b d841 | 807f 4000 | 0f85 d10e | 0000 4c8b | c34d 8bd8 | 49c1 eb03 
  0x000001f6df48a858: 4c8b 5424 | 6045 895a | 144d 8bd8 | 4d33 da49 | c1eb 154d | 85db 741f | 4d85 c074 | 1a49 c1ea 
  0x000001f6df48a878: 0948 b900 | d041 e3f6 | 0100 0049 | 03ca 8039 | 020f 8548 | 1000 004c | 8b54 2460 | 410f be42 
  0x000001f6df48a898: 108b 4c24 | 4845 0fbe | 5ccc 1045 | 8b4a 0c4c | 8b54 2420 | 4c89 5424 | 488b 5c24 | 5448 8b7c 
  0x000001f6df48a8b8: 2458 448b | 6c24 6c90 | e923 f0ff | ff4c 895c | 2460 4889 | 7c24 5889 | 5c24 544c | 8b54 2448 
  0x000001f6df48a8d8: 4c89 5424 | 2048 8b54 | 2460 4889 | 5424 4890 

  0x000001f6df48a8e8: ;   {optimized virtual_call}
  0x000001f6df48a8e8: c5f8 77e8 

  0x000001f6df48a8ec: ; ImmutableOopMap {rbp=NarrowOop [32]=Oop [40]=Oop [48]=Oop [64]=Oop [72]=Oop [84]=NarrowOop [88]=Oop [96]=Oop [120]=Oop }
                      ;*invokevirtual newCapacity {reexecute=0 rethrow=0 return_oop=0}
                      ; - java.lang.AbstractStringBuilder::ensureCapacityInternal@24 (line 243)
                      ; - java.lang.AbstractStringBuilder::append@21 (line 587)
                      ; - java.lang.StringBuilder::append@2 (line 179)
                      ; - java.net.URLStreamHandler::toExternalForm@113 (line 485)
                      ; - java.net.URL::toExternalForm@5 (line 1203)
                      ; - java.net.URL::toString@1 (line 1189)
                      ; - java.lang.ClassLoader::defineClassSourceLocation@22 (line 927)
                      ; - java.lang.ClassLoader::defineClass@12 (line 1026)
  0x000001f6df48a8ec: 9041 53ff 

  0x000001f6df48a8f0: ;   {other}
  0x000001f6df48a8f0: 0f1f 8400 | e01d 0017 | 4c8b 5424 | 4845 0fbe | 5a10 c462 | 21f7 c048 | 8bd5 48c1 | e203 4c8b 
  0x000001f6df48a910: 5424 584c | 8954 2448 

  0x000001f6df48a918: ;   {static_call}
  0x000001f6df48a918: c5f8 77e8 

  0x000001f6df48a91c: ; ImmutableOopMap {[32]=Oop [40]=Oop [48]=Oop [64]=Oop [72]=Oop [84]=NarrowOop [96]=Oop [120]=Oop }
                      ;*invokestatic copyOf {reexecute=0 rethrow=0 return_oop=1}
                      ; - java.lang.AbstractStringBuilder::ensureCapacityInternal@32 (line 242)
                      ; - java.lang.AbstractStringBuilder::append@21 (line 587)
                      ; - java.lang.StringBuilder::append@2 (line 179)
                      ; - java.net.URLStreamHandler::toExternalForm@113 (line 485)
                      ; - java.net.URL::toExternalForm@5 (line 1203)
                      ; - java.net.URL::toString@1 (line 1189)
                      ; - java.lang.ClassLoader::defineClassSourceLocation@22 (line 927)
                      ; - java.lang.ClassLoader::defineClass@12 (line 1026)
  0x000001f6df48a91c: 6047 53ff 

  0x000001f6df48a920: ;   {other}
  0x000001f6df48a920: 0f1f 8400 | 101e 0018 | 488b d841 | 807f 4000 | 0f85 290e | 0000 4c8b | c34d 8bd0 | 49c1 ea03 
  0x000001f6df48a940: 4c8b 5c24 | 6045 8953 | 144d 8bd3 | 4d8b d84d | 33da 49c1 | eb15 4d85 | db74 240f | 1f44 0000 
  0x000001f6df48a960: 4d85 c074 | 1a49 c1ea | 0948 b900 | d041 e3f6 | 0100 0049 | 03ca 8039 | 020f 85a9 | 0f00 004c 
  0x000001f6df48a980: 8b54 2420 | 4c89 5424 | 488b 5c24 | 54e9 24f0 | ffff 4489 | 4c24 5448 | 8b6c 2478 | 4c8b 5424 
  0x000001f6df48a9a0: 484c 8954 | 2420 488b | d566 6690 

  0x000001f6df48a9ac: ;   {optimized virtual_call}
  0x000001f6df48a9ac: c5f8 77e8 

  0x000001f6df48a9b0: ; ImmutableOopMap {rbp=Oop [32]=Oop [40]=Oop [48]=Oop [64]=Oop [72]=Oop [84]=NarrowOop [120]=Oop }
                      ;*invokevirtual newCapacity {reexecute=0 rethrow=0 return_oop=0}
                      ; - java.lang.AbstractStringBuilder::ensureCapacityInternal@24 (line 243)
                      ; - java.lang.AbstractStringBuilder::append@21 (line 587)
                      ; - java.lang.StringBuilder::append@2 (line 179)
                      ; - java.net.URLStreamHandler::toExternalForm@149 (line 486)
                      ; - java.net.URL::toExternalForm@5 (line 1203)
                      ; - java.net.URL::toString@1 (line 1189)
                      ; - java.lang.ClassLoader::defineClassSourceLocation@22 (line 927)
                      ; - java.lang.ClassLoader::defineClass@12 (line 1026)
  0x000001f6df48a9b0: cc40 53ff 

  0x000001f6df48a9b4: ;   {other}
  0x000001f6df48a9b4: 0f1f 8400 | a41e 0019 | 440f be55 | 10c4 6229 | f7c0 448b | 5c24 5449 | 8bd3 48c1 | e203 4c8b 
  0x000001f6df48a9d4: 5424 784c | 8954 2458 | 4c89 5424 | 6066 6690 

  0x000001f6df48a9e4: ;   {static_call}
  0x000001f6df48a9e4: c5f8 77e8 

  0x000001f6df48a9e8: ; ImmutableOopMap {[32]=Oop [40]=Oop [48]=Oop [64]=Oop [88]=Oop [96]=Oop [120]=Oop }
                      ;*invokestatic copyOf {reexecute=0 rethrow=0 return_oop=1}
                      ; - java.lang.AbstractStringBuilder::ensureCapacityInternal@32 (line 242)
                      ; - java.lang.AbstractStringBuilder::append@21 (line 587)
                      ; - java.lang.StringBuilder::append@2 (line 179)
                      ; - java.net.URLStreamHandler::toExternalForm@149 (line 486)
                      ; - java.net.URL::toExternalForm@5 (line 1203)
                      ; - java.net.URL::toString@1 (line 1189)
                      ; - java.lang.ClassLoader::defineClassSourceLocation@22 (line 927)
                      ; - java.lang.ClassLoader::defineClass@12 (line 1026)
  0x000001f6df48a9e8: 9446 53ff 

  0x000001f6df48a9ec: ;   {other}
  0x000001f6df48a9ec: 0f1f 8400 | dc1e 001a | 488b d866 | 0f1f 8400 | 0000 0000 | 4180 7f40 | 000f 8594 | 0d00 004c 
  0x000001f6df48aa0c: 8bc3 4d8b | d049 c1ea | 034c 8b5c | 2458 4589 | 5314 4d8b | d34d 8bd8 | 4d33 da49 | c1eb 154d 
  0x000001f6df48aa2c: 85db 741f | 4d85 c074 | 1a49 c1ea | 0948 b900 | d041 e3f6 | 0100 0049 | 03ca 8039 | 020f 852a 
  0x000001f6df48aa4c: 0f00 004c | 8b54 2458 | 410f be6a | 1045 8b42 | 0c4c 8b54 | 2420 4c89 | 5424 48e9 | ccef ffff 
  0x000001f6df48aa6c: 488b d048 | 8944 2448 

  0x000001f6df48aa74: ;   {optimized virtual_call}
  0x000001f6df48aa74: c5f8 77e8 

  0x000001f6df48aa78: ; ImmutableOopMap {[40]=Oop [48]=Oop [64]=Oop [72]=Oop }
                      ;*invokevirtual initClassName {reexecute=0 rethrow=0 return_oop=1}
                      ; - java.lang.Class::getName@14 (line 948)
                      ; - java.lang.Class::getPackageName@40 (line 1167)
                      ; - java.lang.ClassLoader::postDefineClass@2 (line 934)
                      ; - java.lang.ClassLoader::defineClass@37 (line 1028)
  0x000001f6df48aa78: 44b2 acff 

  0x000001f6df48aa7c: ;   {other}
  0x000001f6df48aa7c: 0f1f 8400 | 6c1f 001b | 4c8b c848 | 85c0 0f85 | c0f2 ffff | baf6 ffff | ff66 6690 

  0x000001f6df48aa98: ;   {runtime_call UncommonTrapBlob}
  0x000001f6df48aa98: c5f8 77e8 

  0x000001f6df48aa9c: ; ImmutableOopMap {}
                      ;*invokevirtual lastIndexOf {reexecute=0 rethrow=0 return_oop=0}
                      ; - java.lang.Class::getPackageName@47 (line 1168)
                      ; - java.lang.ClassLoader::postDefineClass@2 (line 934)
                      ; - java.lang.ClassLoader::defineClass@37 (line 1028)
  0x000001f6df48aa9c: 609b 53ff 

  0x000001f6df48aaa0: ;   {other}
  0x000001f6df48aaa0: 0f1f 8400 | 901f 001c | 33ff 89bc | 2490 0000 | 00e9 0ee8 | ffff 4c8b | 5424 204c | 8954 2428 
  0x000001f6df48aac0: 4c8b 5424 | 304c 8954 | 2440 4889 | 6c24 304c | 8b5c 2450 | 448b 4424 | 5844 8b54 | 245c 488b 
  0x000001f6df48aae0: 4c24 60e9 | 27f6 ffff | 49ba 00d0 | 41e3 f601 | 0000 4c89 | 5424 38e9 | c9f2 ffff 

  0x000001f6df48aafc: ;   {oop(""{0x0000000702a1db18})}
  0x000001f6df48aafc: 48be 18db | a102 0700 | 0000 e927 | eaff ff4c | 8bdd 448b | 4424 4844 | 8b54 244c | 488b 4c24 
  0x000001f6df48ab1c: 5866 6690 | e9ea f5ff 

  0x000001f6df48ab24: ;   {oop(""{0x0000000702a1db18})}
  0x000001f6df48ab24: ff48 bb18 | dba1 0207 | 0000 00e9 | e4f4 ffff | 33c0 e96d | f5ff ff4c | 8b54 2458 | 458b 5a14 
  0x000001f6df48ab44: 4585 db0f | 8447 f1ff | ff4d 8b57 | 2849 8bcb | 48c1 e103 | 4d85 d20f | 1f44 0000 | 0f84 f217 
  0x000001f6df48ab64: 0000 4d8b | 5f38 4b89 | 4c13 f849 | 83c2 f84d | 8957 28e9 | 18f1 ffff | 4d8b 5748 | 4d8b 5f58 
  0x000001f6df48ab84: f083 4424 | c000 8039 | 000f 8421 | ebff ff44 | 8821 4d85 | d275 2049 | 8bd7 c5f8 | 7749 baa0 
  0x000001f6df48aba4: e21f 4dfd | 7f00 0041 

  0x000001f6df48abac: ;   {other}
  0x000001f6df48abac: ffd2 0f1f | 8400 0000 | 0000 e9f9 | eaff ff4b | 894c 13f8 | 4983 c2f8 | 4d89 5748 | e9e7 eaff 
  0x000001f6df48abcc: ff4d 8b57 | 584d 8b5f | 48f0 8344 | 24c0 000f | 1f44 0000 | 8039 000f | 84e7 f0ff | ff44 8821 
  0x000001f6df48abec: 4d85 db75 | 2049 8bd7 | c5f8 7749 | baa0 e21f | 4dfd 7f00 | 0041 ffd2 

  0x000001f6df48ac04: ;   {other}
  0x000001f6df48ac04: 0f1f 8400 | 0000 0000 | e9bf f0ff | ff4b 894c | 1af8 4983 | c3f8 4d89 | 5f48 6690 | e9ab f0ff 
  0x000001f6df48ac24: ff4c 8954 | 2460 4889 | 7c24 5889 | 5c24 544c | 8b54 2428 | 4c89 5424 | 2048 8b6c | 2448 488b 
  0x000001f6df48ac44: 5424 6090 

  0x000001f6df48ac48: ;   {optimized virtual_call}
  0x000001f6df48ac48: c5f8 77e8 

  0x000001f6df48ac4c: ; ImmutableOopMap {rbp=Oop [32]=Oop [48]=Oop [64]=Oop [84]=NarrowOop [88]=Oop [96]=Oop [120]=Oop }
                      ;*invokevirtual isLatin1 {reexecute=0 rethrow=0 return_oop=0}
                      ; - java.lang.AbstractStringBuilder::append@46 (line 810)
                      ; - java.lang.StringBuilder::append@2 (line 246)
                      ; - java.net.URLStreamHandler::toExternalForm@16 (line 480)
                      ; - java.net.URL::toExternalForm@5 (line 1203)
                      ; - java.net.URL::toString@1 (line 1189)
                      ; - java.lang.ClassLoader::defineClassSourceLocation@22 (line 927)
                      ; - java.lang.ClassLoader::defineClass@12 (line 1026)
  0x000001f6df48ac4c: 303e 53ff 

  0x000001f6df48ac50: ;   {other}
  0x000001f6df48ac50: 0f1f 8400 | 4021 001d | 85c0 7418 | 488b 5424 | 6066 6690 

  0x000001f6df48ac64: ;   {optimized virtual_call}
  0x000001f6df48ac64: c5f8 77e8 

  0x000001f6df48ac68: ; ImmutableOopMap {rbp=Oop [32]=Oop [48]=Oop [64]=Oop [84]=NarrowOop [88]=Oop [96]=Oop [120]=Oop }
                      ;*invokevirtual inflate {reexecute=0 rethrow=0 return_oop=0}
                      ; - java.lang.AbstractStringBuilder::append@53 (line 811)
                      ; - java.lang.StringBuilder::append@2 (line 246)
                      ; - java.net.URLStreamHandler::toExternalForm@16 (line 480)
                      ; - java.net.URL::toExternalForm@5 (line 1203)
                      ; - java.net.URL::toString@1 (line 1189)
                      ; - java.lang.ClassLoader::defineClassSourceLocation@22 (line 927)
                      ; - java.lang.ClassLoader::defineClass@12 (line 1026)
  0x000001f6df48ac68: 143e 53ff 

  0x000001f6df48ac6c: ;   {other}
  0x000001f6df48ac6c: 0f1f 8400 | 5c21 001e | 4c8b 5424 | 6045 8b5a | 1445 8b42 | 0c49 8bd3 | 48c1 e203 | 458b d841 
  0x000001f6df48ac8c: ffc3 4589 | 5a0c 41b9 | 3a00 0000 

  0x000001f6df48ac98: ;   {static_call}
  0x000001f6df48ac98: c5f8 77e8 

  0x000001f6df48ac9c: ; ImmutableOopMap {rbp=Oop [32]=Oop [48]=Oop [64]=Oop [84]=NarrowOop [88]=Oop [96]=Oop [120]=Oop }
                      ;*invokestatic putCharSB {reexecute=0 rethrow=0 return_oop=0}
                      ; - java.lang.AbstractStringBuilder::append@72 (line 813)
                      ; - java.lang.StringBuilder::append@2 (line 246)
                      ; - java.net.URLStreamHandler::toExternalForm@16 (line 480)
                      ; - java.net.URL::toExternalForm@5 (line 1203)
                      ; - java.net.URL::toString@1 (line 1189)
                      ; - java.lang.ClassLoader::defineClassSourceLocation@22 (line 927)
                      ; - java.lang.ClassLoader::defineClass@12 (line 1026)
  0x000001f6df48ac9c: e043 53ff 

  0x000001f6df48aca0: ;   {other}
  0x000001f6df48aca0: 0f1f 8400 | 9021 001f | 4889 6c24 | 484c 8b54 | 2420 4c89 | 5424 288b | 5c24 5448 | 8b7c 2458 
  0x000001f6df48acc0: e93f ebff | ff4c 63c5 | 4d8d 5010 | 4d8b ca49 | 83e1 f848 | 8bfe 4903 | f949 c1ea | 034d 2bda 
  0x000001f6df48ace0: 498b cb48 | 33c0 4883 | f908 7f10 | 48ff c978 | 4f48 8904 | cf48 ffc9 | 7df7 eb44 | c5fd efc0 
  0x000001f6df48ad00: e90d 0000 | 00c5 fe7f | 07c5 fe7f | 4720 4883 | c740 4883 | e908 7ded | 4883 c104 | 7c0c c5fe 
  0x000001f6df48ad20: 7f07 4883 | c720 4883 | e904 4883 | c104 7e10 | 48ff c9c5 | f9d6 0748 | 83c7 0848 | ffc9 7df3 
  0x000001f6df48ad40: 488b cbc5 | f877 49ba | c02c 9ade | f601 0000 

  0x000001f6df48ad50: ;   {other}
  0x000001f6df48ad50: 41ff d20f | 1f84 0000 | 0000 000f | 1f44 0000 | e924 efff | ff44 8b5e | 1445 85db | 0f84 85e7 
  0x000001f6df48ad70: ffff 4d8b | 5728 498b | cb48 c1e1 | 0366 6690 | 4d85 d20f | 843f 1a00 | 004d 8b5f | 384b 894c 
  0x000001f6df48ad90: 13f8 4983 | c2f8 4d89 | 5728 e958 | e7ff ff4d | 8b57 484d | 8b5f 58f0 | 8344 24c0 | 0080 3900 
  0x000001f6df48adb0: 0f84 78e7 | ffff 4488 | 214d 85d2 | 7520 498b | d7c5 f877 | 49ba a0e2 | 1f4d fd7f | 0000 41ff 
  0x000001f6df48add0: ;   {other}
  0x000001f6df48add0: d20f 1f84 | 0000 0000 | 00e9 50e7 | ffff 4b89 | 4c13 f849 | 83c2 f84d | 8957 48e9 | 3ee7 ffff 
  0x000001f6df48adf0: 4c8b 5424 | 5045 8b52 | 0c45 85d2 | 0f1f 4000 | 0f84 b4f4 | ffff 4d8b | 5f28 498b | ca48 c1e1 
  0x000001f6df48ae10: 034d 85db | 0f84 ce19 | 0000 4d8b | 5738 4b89 | 4c1a f849 | 83c3 f84d | 895f 28e9 | 8af4 ffff 
  0x000001f6df48ae30: 4c8b 5424 | 5045 8b5a | 1045 85db | 0f1f 4000 | 0f84 c5f4 | ffff 4d8b | 5728 498b | cb48 c1e1 
  0x000001f6df48ae50: 034d 85d2 | 0f84 ae19 | 0000 4d8b | 5f38 4b89 | 4c13 f849 | 83c2 f84d | 8957 28e9 | 9bf4 ffff 
  0x000001f6df48ae70: 4d8b 5748 | 4d8b 5f58 | f083 4424 | c000 6690 | 4180 3800 | 0f84 c0f4 | ffff 4588 | 204d 85d2 
  0x000001f6df48ae90: 7523 498b | c849 8bd7 | c5f8 7749 | baa0 e21f | 4dfd 7f00 | 0041 ffd2 

  0x000001f6df48aea8: ;   {other}
  0x000001f6df48aea8: 0f1f 8400 | 0000 0000 | e995 f4ff | ff4f 8944 | 13f8 4983 | c2f8 4d89 | 5748 e983 | f4ff ff4d 
  0x000001f6df48aec8: 8b57 584d | 8b5f 48f0 | 8344 24c0 | 0080 3900 | 0f84 1af4 | ffff 4488 | 214d 85db | 7520 498b 
  0x000001f6df48aee8: d7c5 f877 | 49ba a0e2 | 1f4d fd7f | 0000 41ff 

  0x000001f6df48aef8: ;   {other}
  0x000001f6df48aef8: d20f 1f84 | 0000 0000 | 00e9 f2f3 | ffff 4b89 | 4c1a f849 | 83c3 f84d | 895f 48e9 | e0f3 ffff 
  0x000001f6df48af18: 4c8b 5424 | 3045 8b5a | 3c45 85db | 0f84 10f1 | ffff 4d8b | 5728 498b | cb48 c1e1 | 034d 85d2 
  0x000001f6df48af38: 0f84 0a1a | 0000 4d8b | 5f38 4b89 | 4c13 f849 | 83c2 f84d | 8957 28e9 | e6f0 ffff | 4d8b 5758 
  0x000001f6df48af58: 4d8b 5f48 | f083 4424 | c000 8039 | 000f 8414 | f1ff ff44 | 8821 4d85 | db75 2049 | 8bd7 c5f8 
  0x000001f6df48af78: 7749 baa0 | e21f 4dfd | 7f00 0041 

  0x000001f6df48af84: ;   {other}
  0x000001f6df48af84: ffd2 0f1f | 8400 0000 | 0000 e9ec | f0ff ff4b | 894c 1af8 | 4983 c3f8 | 4d89 5f48 | e9da f0ff 
  0x000001f6df48afa4: ff4c 63c5 | 4d8d 5810 | 4d8b cb49 | 83e1 f849 | 8bfd 4903 | f949 c1eb | 0349 2bd3 | 488b ca48 
  0x000001f6df48afc4: 33c0 4883 | f908 7f10 | 48ff c978 | 4f48 8904 | cf48 ffc9 | 7df7 eb44 | c5fd efc0 | e90d 0000 
  0x000001f6df48afe4: 00c5 fe7f | 07c5 fe7f | 4720 4883 | c740 4883 | e908 7ded | 4883 c104 | 7c0c c5fe | 7f07 4883 
  0x000001f6df48b004: c720 4883 | e904 4883 | c104 7e10 | 48ff c9c5 | f9d6 0748 | 83c7 0848 | ffc9 7df3 | 498b ce49 
  0x000001f6df48b024: 8bd2 c5f8 | 7749 bac0 | 2c9a def6 | 0100 0041 

  0x000001f6df48b034: ;   {other}
  0x000001f6df48b034: ffd2 0f1f | 8400 0000 | 0000 6690 | e9a7 e4ff | ff44 8b5b | 1445 85db | 0f84 8bef | ffff 4d8b 
  0x000001f6df48b054: 5728 498b | cb48 c1e1 | 0366 6690 | 4d85 d20f | 849f 1900 | 004d 8b5f | 384b 894c | 13f8 4983 
  0x000001f6df48b074: c2f8 4d89 | 5728 e95e | efff ff4d | 8b57 484d | 8b5f 58f0 | 8344 24c0 | 0080 3900 | 0f84 7eef 
  0x000001f6df48b094: ffff 4488 | 214d 85d2 | 7520 498b | d7c5 f877 | 49ba a0e2 | 1f4d fd7f | 0000 41ff 

  0x000001f6df48b0b0: ;   {other}
  0x000001f6df48b0b0: d20f 1f84 | 0000 0000 | 00e9 56ef | ffff 4b89 | 4c13 f849 | 83c2 f84d | 8957 48e9 | 44ef ffff 
  0x000001f6df48b0d0: 4c63 c549 | 8d48 1048 | 8bd1 4883 | e2f8 488b | fe48 03fa | 48c1 e903 | 4c2b c949 | 8bc9 4833 
  0x000001f6df48b0f0: c048 83f9 | 087f 1048 | ffc9 784f | 4889 04cf | 48ff c97d | f7eb 44c5 | fdef c0e9 | 0d00 0000 
  0x000001f6df48b110: c5fe 7f07 | c5fe 7f47 | 2048 83c7 | 4048 83e9 | 087d ed48 | 83c1 047c | 0cc5 fe7f | 0748 83c7 
  0x000001f6df48b130: 2048 83e9 | 0448 83c1 | 047e 1048 | ffc9 c5f9 | d607 4883 | c708 48ff | c97d f349 | 8bca 498b 
  0x000001f6df48b150: d3c5 f877 | 49ba c02c | 9ade f601 | 0000 41ff 

  0x000001f6df48b160: ;   {other}
  0x000001f6df48b160: d20f 1f84 | 0000 0000 | 00e9 64ee | ffff 450f | b65a 114d | 8bd0 49c1 | e203 660f | 1f44 0000 
  0x000001f6df48b180: 4585 db0f | 84c0 0900 | 004c 8954 | 2460 458b | d844 894c | 2454 4c8b | 5424 284c | 8954 2420 
  0x000001f6df48b1a0: 488b 6c24 | 4848 8b54 | 2460 448b | 8424 9000 | 0000 4489 | 5c24 7090 

  0x000001f6df48b1b8: ;   {static_call}
  0x000001f6df48b1b8: c5f8 77e8 

  0x000001f6df48b1bc: ; ImmutableOopMap {rbp=Oop [32]=Oop [48]=Oop [64]=Oop [88]=Oop [96]=Oop [112]=NarrowOop }
                      ;*invokestatic compress {reexecute=0 rethrow=0 return_oop=1}
                      ; - java.lang.String::<init>@58 (line 4792)
                      ; - java.lang.String::<init>@3 (line 1507)
                      ; - java.lang.StringBuilder::toString@5 (line 475)
                      ; - java.net.URLStreamHandler::toExternalForm@152 (line 486)
                      ; - java.net.URL::toExternalForm@5 (line 1203)
                      ; - java.net.URL::toString@1 (line 1189)
                      ; - java.lang.ClassLoader::defineClassSourceLocation@22 (line 927)
                      ; - java.lang.ClassLoader::defineClass@12 (line 1026)
  0x000001f6df48b1bc: c03e 53ff 

  0x000001f6df48b1c0: ;   {other}
  0x000001f6df48b1c0: 0f1f 8400 | b026 0020 | 488b d848 | 85c0 0f84 | 5c09 0000 | 4180 7f40 | 000f 8549 | 1800 004c 
  0x000001f6df48b1e0: 8b54 2458 | 4588 6210 | 4c8b d349 | c1ea 034c | 8b5c 2458 | 4589 5314 | 4c8b d34d | 33d3 49c1 
  0x000001f6df48b200: ea15 4d85 | d274 1f49 | c1eb 0948 | b900 d041 | e3f6 0100 | 0049 03cb | 8039 020f | 1f44 0000 
  0x000001f6df48b220: 0f85 3f18 | 0000 4889 | 6c24 484c | 8b54 2420 | 4c89 5424 | 28e9 96ea | ffff 4889 | 7c24 5889 
  0x000001f6df48b240: 5c24 544c | 8b54 2428 | 4c89 5424 | 2048 8b6c 

  0x000001f6df48b250: ;   {metadata('java/lang/StringBuilder')}
  0x000001f6df48b250: 2448 48ba | 2881 0080 | f601 0000 

  0x000001f6df48b25c: ;   {runtime_call _new_instance_Java}
  0x000001f6df48b25c: c5f8 77e8 

  0x000001f6df48b260: ; ImmutableOopMap {rbp=Oop [32]=Oop [48]=Oop [64]=Oop [84]=NarrowOop [88]=Oop }
                      ;*new {reexecute=0 rethrow=0 return_oop=1}
                      ; - java.net.URLStreamHandler::toExternalForm@0 (line 480)
                      ; - java.net.URL::toExternalForm@5 (line 1203)
                      ; - java.net.URL::toString@1 (line 1189)
                      ; - java.lang.ClassLoader::defineClassSourceLocation@22 (line 927)
                      ; - java.lang.ClassLoader::defineClass@12 (line 1026)
  0x000001f6df48b260: 9c6d 56ff 

  0x000001f6df48b264: ;   {other}
  0x000001f6df48b264: 0f1f 8400 | 5427 0021 | 4889 6c24 | 484c 8b54 | 2420 4c89 | 5424 288b | 5c24 5448 | 8b7c 2458 
  0x000001f6df48b284: e989 e3ff | ff4c 8b54 | 2478 4c89 | 5424 6048 | 897c 2458 | 895c 2454 | 4c8b 5424 | 284c 8954 
  0x000001f6df48b2a4: 2420 488b | 6c24 4841 | b810 0000 

  0x000001f6df48b2b0: ;   {metadata({type array byte})}
  0x000001f6df48b2b0: 0048 bac0 | 2200 80f6 | 0100 0090 

  0x000001f6df48b2bc: ;   {runtime_call _new_array_Java}
  0x000001f6df48b2bc: c5f8 77e8 

  0x000001f6df48b2c0: ; ImmutableOopMap {rbp=Oop [32]=Oop [48]=Oop [64]=Oop [84]=NarrowOop [88]=Oop [96]=Oop [120]=Oop }
                      ;*newarray {reexecute=0 rethrow=0 return_oop=1}
                      ; - java.lang.AbstractStringBuilder::<init>@12 (line 101)
                      ; - java.lang.StringBuilder::<init>@3 (line 106)
                      ; - java.net.URLStreamHandler::toExternalForm@4 (line 480)
                      ; - java.net.URL::toExternalForm@5 (line 1203)
                      ; - java.net.URL::toString@1 (line 1189)
                      ; - java.lang.ClassLoader::defineClassSourceLocation@22 (line 927)
                      ; - java.lang.ClassLoader::defineClass@12 (line 1026)
  0x000001f6df48b2c0: 3c6a 56ff 

  0x000001f6df48b2c4: ;   {other}
  0x000001f6df48b2c4: 0f1f 8400 | b427 0022 | 4889 6c24 | 484c 8b54 | 2420 4c89 | 5424 288b | 5c24 5448 | 8b7c 2458 
  0x000001f6df48b2e4: e98d e3ff 

  0x000001f6df48b2e8: ;   {metadata('java/lang/String')}
  0x000001f6df48b2e8: ff48 bad8 | e800 80f6 | 0100 0090 

  0x000001f6df48b2f4: ;   {runtime_call _new_instance_Java}
  0x000001f6df48b2f4: c5f8 77e8 

  0x000001f6df48b2f8: ; ImmutableOopMap {[40]=Oop [48]=Oop [64]=Oop [72]=Oop [120]=Oop }
                      ;*new {reexecute=0 rethrow=0 return_oop=1}
                      ; - java.lang.StringBuilder::toString@0 (line 475)
                      ; - java.net.URLStreamHandler::toExternalForm@152 (line 486)
                      ; - java.net.URL::toExternalForm@5 (line 1203)
                      ; - java.net.URL::toString@1 (line 1189)
                      ; - java.lang.ClassLoader::defineClassSourceLocation@22 (line 927)
                      ; - java.lang.ClassLoader::defineClass@12 (line 1026)
  0x000001f6df48b2f8: 046d 56ff 

  0x000001f6df48b2fc: ;   {other}
  0x000001f6df48b2fc: 0f1f 8400 | ec27 0023 | e9a9 e7ff | ff45 8b4c 

  0x000001f6df48b30c: ;   {metadata('java/util/concurrent/ConcurrentHashMap$TreeBin')}
  0x000001f6df48b30c: dc08 4181 | f990 a75e | 010f 8525 | 1900 0044 | 8944 2458 | 4c89 5c24 | 504c 8b5c | 2430 4c89 
  0x000001f6df48b32c: 5c24 484c | 8b5c 2440 | 4c89 5c24 | 304c 8b5c | 2428 4c89 | 5c24 2048 | 8bd1 458b | c24c 8b4c 
  0x000001f6df48b34c: 2450 488b | 6c24 4890 

  0x000001f6df48b354: ;   {optimized virtual_call}
  0x000001f6df48b354: c5f8 77e8 

  0x000001f6df48b358: ; ImmutableOopMap {rbp=Oop [32]=Oop [48]=Oop [72]=Oop [80]=Oop [88]=NarrowOop }
                      ;*invokevirtual find {reexecute=0 rethrow=0 return_oop=1}
                      ; - java.util.concurrent.ConcurrentHashMap::get@93 (line 944)
                      ; - java.lang.ClassLoader::getNamedPackage@5 (line 341)
                      ; - java.lang.ClassLoader::postDefineClass@9 (line 934)
                      ; - java.lang.ClassLoader::defineClass@37 (line 1028)
  0x000001f6df48b358: 2437 53ff 

  0x000001f6df48b35c: ;   {other}
  0x000001f6df48b35c: 0f1f 8400 | 4c28 0024 | 4885 c00f | 8467 0900 | 008b 6814 | 85ed 0f84 | 5c09 0000 | 4c8b 5424 
  0x000001f6df48b37c: 204c 8954 | 2428 4c8b | 5424 304c | 8954 2440 | 4c8b 5424 | 484c 8954 | 2430 e9a4 | f0ff ff4c 
  0x000001f6df48b39c: 8944 2470 | 4c89 5c24 | 6848 895c | 2460 4489 | 4c24 544c | 8b54 2448 | 4c89 5424 

  0x000001f6df48b3b8: ;   {metadata({type array byte})}
  0x000001f6df48b3b8: 2048 bac0 | 2200 80f6 | 0100 0045 | 8bc1 6690 

  0x000001f6df48b3c8: ;   {runtime_call _new_array_nozero_Java}
  0x000001f6df48b3c8: c5f8 77e8 

  0x000001f6df48b3cc: ; ImmutableOopMap {[32]=Oop [40]=Oop [48]=Oop [64]=Oop [88]=Oop [128]=Oop [96]=Derived_oop_[128] }
                      ;*newarray {reexecute=0 rethrow=0 return_oop=1}
                      ; - java.util.Arrays::copyOfRangeByte@10 (line 3863)
                      ; - java.util.Arrays::copyOfRange@13 (line 3854)
                      ; - java.lang.String::<init>@32 (line 4788)
                      ; - java.lang.String::<init>@3 (line 1507)
                      ; - java.lang.StringBuilder::toString@5 (line 475)
                      ; - java.net.URLStreamHandler::toExternalForm@152 (line 486)
                      ; - java.net.URL::toExternalForm@5 (line 1203)
                      ; - java.net.URL::toString@1 (line 1189)
                      ; - java.lang.ClassLoader::defineClassSourceLocation@22 (line 927)
                      ; - java.lang.ClassLoader::defineClass@12 (line 1026)
  0x000001f6df48b3cc: b065 56ff 

  0x000001f6df48b3d0: ;   {other}
  0x000001f6df48b3d0: 0f1f 8400 | c028 0025 | 4c8b 5c24 | 204c 895c | 2448 448b | 4c24 5448 | 8b5c 2460 | 4c8b 5c24 
  0x000001f6df48b3f0: 684c 8b44 | 2470 488b | f0e9 48e8 | ffff 894c | 2478 895c | 245c 4c8b | 4424 504c | 8944 2470 
  0x000001f6df48b410: 4c89 7424 | 684c 895c | 2460 4489 | 5424 5444 | 894c 2450 | 4c8b 5424 | 284c 8954 | 2420 488b 
  0x000001f6df48b430: ;   {metadata('java/lang/String')}
  0x000001f6df48b430: 6c24 4848 | bad8 e800 | 80f6 0100 | 0066 6690 

  0x000001f6df48b440: ;   {runtime_call _new_instance_Java}
  0x000001f6df48b440: c5f8 77e8 

  0x000001f6df48b444: ; ImmutableOopMap {rbp=Oop [32]=Oop [48]=Oop [64]=Oop [80]=NarrowOop [92]=NarrowOop [96]=Oop [104]=Derived_oop_[96] [112]=Oop }
                      ;*new {reexecute=0 rethrow=0 return_oop=1}
                      ; - java.lang.StringLatin1::newString@7 (line 752)
                      ; - java.lang.String::substring@41 (line 2839)
                      ; - java.lang.ClassLoader::checkCerts@21 (line 1164)
                      ; - java.lang.ClassLoader::preDefineClass@113 (line 917)
                      ; - java.lang.ClassLoader::defineClass@4 (line 1025)
  0x000001f6df48b444: b86b 56ff 

  0x000001f6df48b448: ;   {other}
  0x000001f6df48b448: 0f1f 8400 | 3829 0026 | 4889 6c24 | 484c 8b54 | 2420 4c89 | 5424 2844 | 8b4c 2450 | 448b 5424 
  0x000001f6df48b468: 544c 8b5c | 2460 4c8b | 7424 6848 | 8b4c 2470 | 4889 4c24 | 508b 5c24 | 5c8b 4c24 | 7848 8bf0 
  0x000001f6df48b488: e9c5 deff | ff44 8944 | 2448 4c89 

  0x000001f6df48b494: ;   {metadata('java/lang/NamedPackage')}
  0x000001f6df48b494: 5c24 2048 | ba88 bf01 | 80f6 0100 | 0066 6690 

  0x000001f6df48b4a4: ;   {runtime_call _new_instance_Java}
  0x000001f6df48b4a4: c5f8 77e8 

  0x000001f6df48b4a8: ; ImmutableOopMap {[32]=Oop [40]=Oop [48]=Oop [64]=Oop [72]=NarrowOop }
                      ;*new {reexecute=0 rethrow=0 return_oop=1}
                      ; - java.lang.ClassLoader::getNamedPackage@16 (line 343)
                      ; - java.lang.ClassLoader::postDefineClass@9 (line 934)
                      ; - java.lang.ClassLoader::defineClass@37 (line 1028)
  0x000001f6df48b4a8: 546b 56ff 

  0x000001f6df48b4ac: ;   {other}
  0x000001f6df48b4ac: 0f1f 8400 | 9c29 0027 | e983 edff | ff4c 8984 | 2488 0000 | 0048 8994 | 2480 0000 | 0048 8974 
  0x000001f6df48b4cc: 2478 894c | 2474 895c | 2470 4c8b | 5424 504c | 8954 2468 | 4c89 7424 | 604c 895c | 2458 448b 
  0x000001f6df48b4ec: 9424 9000 | 0000 4489 | 5424 504c | 8b54 2448 | 4c89 5424 

  0x000001f6df48b500: ;   {metadata({type array byte})}
  0x000001f6df48b500: 2048 bac0 | 2200 80f6 | 0100 0044 | 8bc1 6690 

  0x000001f6df48b510: ;   {runtime_call _new_array_nozero_Java}
  0x000001f6df48b510: c5f8 77e8 

  0x000001f6df48b514: ; ImmutableOopMap {[32]=Oop [40]=Oop [48]=Oop [64]=Oop [88]=Oop [96]=Derived_oop_[88] [104]=Oop [112]=NarrowOop [120]=Oop }
                      ;*newarray {reexecute=0 rethrow=0 return_oop=1}
                      ; - java.util.Arrays::copyOfRangeByte@10 (line 3863)
                      ; - java.util.Arrays::copyOfRange@13 (line 3854)
                      ; - java.lang.StringLatin1::newString@16 (line 752)
                      ; - java.lang.String::substring@41 (line 2839)
                      ; - java.lang.ClassLoader::checkCerts@21 (line 1164)
                      ; - java.lang.ClassLoader::preDefineClass@113 (line 917)
                      ; - java.lang.ClassLoader::defineClass@4 (line 1025)
  0x000001f6df48b514: 6864 56ff 

  0x000001f6df48b518: ;   {other}
  0x000001f6df48b518: 0f1f 8400 | 082a 0028 | 4c8b 5c24 | 204c 895c | 2448 448b | 5c24 5044 | 899c 2490 | 0000 004c 
  0x000001f6df48b538: 8b74 2460 | 4c8b 5c24 | 684c 895c | 2450 8b5c | 2470 8b4c | 2474 488b | 7424 7848 | 8b94 2480 
  0x000001f6df48b558: 0000 004c | 8b84 2488 | 0000 004c | 8be8 e93d | dfff ff44 | 8944 245c | 894c 2458 | 4889 5c24 
  0x000001f6df48b578: 504c 8954 | 2448 4c8b | 5424 404c | 8954 2430 | 4c8b 5424 | 284c 8954 | 2420 4c8b | 5424 484c 
  0x000001f6df48b598: 8954 2440 

  0x000001f6df48b59c: ;   {static_call}
  0x000001f6df48b59c: c5f8 77e8 

  0x000001f6df48b5a0: ; ImmutableOopMap {rbp=Oop [32]=Oop [48]=Oop [64]=Oop [72]=Oop [80]=Oop [88]=NarrowOop [92]=NarrowOop }
                      ;*invokestatic hashCode {reexecute=0 rethrow=0 return_oop=0}
                      ; - java.lang.String::hashCode@37 (line 2370)
                      ; - java.util.concurrent.ConcurrentHashMap::get@1 (line 936)
                      ; - java.lang.ClassLoader::getNamedPackage@5 (line 341)
                      ; - java.lang.ClassLoader::postDefineClass@9 (line 934)
                      ; - java.lang.ClassLoader::defineClass@37 (line 1028)
  0x000001f6df48b5a0: dc3a 53ff 

  0x000001f6df48b5a4: ;   {other}
  0x000001f6df48b5a4: 0f1f 8400 | 942a 0029 | e963 efff | ffba e4ff | ffff 894c | 2420 448b | 5424 3844 | 8954 2424 
  0x000001f6df48b5c4: 448b 5c24 | 3c44 895c | 2438 895c | 243c 4489 | 4c24 6490 

  0x000001f6df48b5d8: ;   {runtime_call UncommonTrapBlob}
  0x000001f6df48b5d8: c5f8 77e8 

  0x000001f6df48b5dc: ; ImmutableOopMap {[40]=Oop [48]=Oop [60]=NarrowOop [64]=Oop [72]=Oop [80]=Oop [100]=NarrowOop }
                      ;*baload {reexecute=0 rethrow=0 return_oop=0}
                      ; - java.lang.StringLatin1::lastIndexOf@24 (line 286)
                      ; - java.lang.String::lastIndexOf@13 (line 2573)
                      ; - java.lang.String::lastIndexOf@8 (line 2535)
                      ; - java.lang.ClassLoader::checkCerts@3 (line 1163)
                      ; - java.lang.ClassLoader::preDefineClass@113 (line 917)
                      ; - java.lang.ClassLoader::defineClass@4 (line 1025)
  0x000001f6df48b5dc: 2090 53ff 

  0x000001f6df48b5e0: ;   {other}
  0x000001f6df48b5e0: 0f1f 8400 | d02a 002a | 4489 4424 | 5889 7c24 | 5444 895c | 2450 4c8b | 5424 304c | 8954 2448 
  0x000001f6df48b600: 4c8b 5424 | 404c 8954 | 2430 4c8b | 5424 284c | 8954 2420 

  0x000001f6df48b614: ;   {metadata('java/lang/String')}
  0x000001f6df48b614: 48ba d8e8 | 0080 f601 | 0000 4c8b | 5424 484c | 8954 2428 

  0x000001f6df48b628: ;   {runtime_call _new_instance_Java}
  0x000001f6df48b628: c5f8 77e8 

  0x000001f6df48b62c: ; ImmutableOopMap {rbp=Oop [32]=Oop [40]=Oop [48]=Oop [72]=Oop [80]=NarrowOop }
                      ;*new {reexecute=0 rethrow=0 return_oop=1}
                      ; - java.lang.StringLatin1::newString@7 (line 752)
                      ; - java.lang.String::substring@41 (line 2839)
                      ; - java.lang.Class::getPackageName@62 (line 1169)
                      ; - java.lang.ClassLoader::postDefineClass@2 (line 934)
                      ; - java.lang.ClassLoader::defineClass@37 (line 1028)
  0x000001f6df48b62c: d069 56ff 

  0x000001f6df48b630: ;   {other}
  0x000001f6df48b630: 0f1f 8400 | 202b 002b | 4c8b 5c24 | 204c 895c | 2428 4c8b | 5c24 304c | 895c 2440 | 4c8b 5c24 
  0x000001f6df48b650: 484c 895c | 2430 448b | 5c24 508b | 7c24 5444 | 8b44 2458 | 488b d8e9 | d3e7 ffff | 4c8b 5424 
  0x000001f6df48b670: 6045 8b5a | 1445 85db | 0f84 58ef | ffff 4d8b | 5728 498b | cb48 c1e1 | 034d 85d2 | 0f84 ca14 
  0x000001f6df48b690: 0000 4d8b | 5f38 4b89 | 4c13 f849 | 83c2 f84d | 8957 28e9 | 2eef ffff | 448b 5514 | 4585 d20f 
  0x000001f6df48b6b0: 84fd efff | ff4d 8b5f | 2849 8bca | 48c1 e103 | 4d85 db0f | 84b3 1400 | 004d 8b57 | 384b 894c 
  0x000001f6df48b6d0: 1af8 4983 | c3f8 4d89 | 5f28 e9d3 | efff ff4c | 8b54 2460 | 458b 5214 | 4585 d20f | 8485 f0ff 
  0x000001f6df48b6f0: ff4d 8b5f | 2849 8bca | 48c1 e103 | 0f1f 4000 | 4d85 db0f | 8493 1400 | 004d 8b57 | 384b 894c 
  0x000001f6df48b710: 1af8 4983 | c3f8 4d89 | 5f28 e957 | f0ff ff4c | 8b54 2460 | 458b 5214 | 4585 d20f 

  0x000001f6df48b72c: ;   {no_reloc}
  0x000001f6df48b72c: 841d f1ff | ff4d 8b5f | 2849 8bca | 48c1 e103 | 0f1f 4000 | 4d85 db0f | 8473 1400 | 004d 8b57 
  0x000001f6df48b74c: 384b 894c | 1af8 4983 | c3f8 4d89 | 5f28 e9ef | f0ff ff4c | 8b54 2460 | 458b 5a14 | 4585 db0f 
  0x000001f6df48b76c: 84c5 f1ff | ff4d 8b57 | 2849 8bcb | 48c1 e103 | 0f1f 4000 | 4d85 d20f | 8453 1400 | 004d 8b5f 
  0x000001f6df48b78c: 384b 894c | 13f8 4983 | c2f8 4d89 | 5728 e997 | f1ff ff4c | 8b54 2458 | 458b 5a14 | 4585 db0f 
  0x000001f6df48b7ac: 845a f2ff | ff4d 8b57 | 2849 8bcb | 48c1 e103 | 0f1f 4000 | 4d85 d20f | 8433 1400 | 004d 8b5f 
  0x000001f6df48b7cc: 384b 894c | 13f8 4983 | c2f8 4d89 | 5728 e92c | f2ff ff4d | 8b57 584d | 8b5f 48f0 | 8344 24c0 
  0x000001f6df48b7ec: 0080 3900 | 0f84 29ee | ffff 4488 | 214d 85db | 7520 498b | d7c5 f877 | 49ba a0e2 | 1f4d fd7f 
  0x000001f6df48b80c: 0000 41ff 

  0x000001f6df48b810: ;   {other}
  0x000001f6df48b810: d20f 1f84 | 0000 0000 | 00e9 01ee | ffff 4b89 | 4c1a f849 | 83c3 f84d | 895f 48e9 | efed ffff 
  0x000001f6df48b830: 4d8b 5758 | 4d8b 5f48 | f083 4424 | c000 6690 | 8039 0074 | 3244 8821 | 4d85 db74 | 0f4b 894c 
  0x000001f6df48b850: 1af8 4983 | c3f8 4d89 | 5f48 eb1b | 498b d7c5 | f877 49ba | a0e2 1f4d | fd7f 0000 

  0x000001f6df48b86c: ;   {other}
  0x000001f6df48b86c: 41ff d20f | 1f84 0000 | 0000 0044 | 8b5d 140f | 1f44 0000 | e96c eeff | ff4d 8b57 | 584d 8b5f 
  0x000001f6df48b88c: 48f0 8344 | 24c0 0080 | 3900 0f84 | 1bef ffff | 4488 2190 | 4d85 db75 | 2049 8bd7 | c5f8 7749 
  0x000001f6df48b8ac: baa0 e21f | 4dfd 7f00 | 0041 ffd2 

  0x000001f6df48b8b8: ;   {other}
  0x000001f6df48b8b8: 0f1f 8400 | 0000 0000 | e9f2 eeff | ff4b 894c | 1af8 4983 | c3f8 4d89 | 5f48 e9e0 | eeff ff4d 
  0x000001f6df48b8d8: 8b57 584d | 8b5f 48f0 | 8344 24c0 | 0080 3900 | 0f84 a1ef | ffff 4488 | 214d 85db | 7520 498b 
  0x000001f6df48b8f8: d7c5 f877 | 49ba a0e2 | 1f4d fd7f | 0000 41ff 

  0x000001f6df48b908: ;   {other}
  0x000001f6df48b908: d20f 1f84 | 0000 0000 | 00e9 79ef | ffff 4b89 | 4c1a f849 | 83c3 f84d | 895f 48e9 | 67ef ffff 
  0x000001f6df48b928: 4d8b 5758 | 4d8b 5f48 | f083 4424 | c000 8039 | 000f 8440 | f0ff ff44 | 8821 4d85 | db75 2049 
  0x000001f6df48b948: 8bd7 c5f8 | 7749 baa0 | e21f 4dfd | 7f00 0041 

  0x000001f6df48b958: ;   {other}
  0x000001f6df48b958: ffd2 0f1f | 8400 0000 | 0000 e918 | f0ff ff4b | 894c 1af8 | 4983 c3f8 | 4d89 5f48 | e906 f0ff 
  0x000001f6df48b978: ff4d 8b57 | 584d 8b5f | 48f0 8344 | 24c0 0080 | 3900 0f84 | bff0 ffff | 4488 214d | 85db 7520 
  0x000001f6df48b998: 498b d7c5 | f877 49ba | a0e2 1f4d | fd7f 0000 

  0x000001f6df48b9a8: ;   {other}
  0x000001f6df48b9a8: 41ff d20f | 1f84 0000 | 0000 00e9 | 97f0 ffff | 4b89 4c1a | f849 83c3 | f84d 895f | 48e9 85f0 
  0x000001f6df48b9c8: ffff 4889 | 7c24 704c | 894c 2468 | 4c89 5424 | 6048 895c | 2458 4489 | 4424 504c | 8b54 2430 
  0x000001f6df48b9e8: 4c89 5424 | 484c 8b54 | 2440 4c89 | 5424 304c | 8b54 2428 | 4c89 5424 

  0x000001f6df48ba00: ;   {metadata({type array byte})}
  0x000001f6df48ba00: 2048 bac0 | 2200 80f6 | 0100 004c | 8b54 2448 | 4c89 5424 | 2866 6690 

  0x000001f6df48ba18: ;   {runtime_call _new_array_nozero_Java}
  0x000001f6df48ba18: c5f8 77e8 

  0x000001f6df48ba1c: ; ImmutableOopMap {rbp=Oop [96]=Derived_oop_rbp [32]=Oop [40]=Oop [48]=Oop [72]=Oop [88]=Oop }
                      ;*newarray {reexecute=0 rethrow=0 return_oop=1}
                      ; - java.util.Arrays::copyOfRangeByte@10 (line 3863)
                      ; - java.util.Arrays::copyOfRange@13 (line 3854)
                      ; - java.lang.StringLatin1::newString@16 (line 752)
                      ; - java.lang.String::substring@41 (line 2839)
                      ; - java.lang.Class::getPackageName@62 (line 1169)
                      ; - java.lang.ClassLoader::postDefineClass@2 (line 934)
                      ; - java.lang.ClassLoader::defineClass@37 (line 1028)
  0x000001f6df48ba1c: 605f 56ff 

  0x000001f6df48ba20: ;   {other}
  0x000001f6df48ba20: 0f1f 8400 | 102f 002c | 4c8b 5424 | 204c 8954 | 2428 4c8b | 5424 304c | 8954 2440 | 4c8b 5424 
  0x000001f6df48ba40: 484c 8954 | 2430 448b | 4424 5048 | 8b5c 2458 | 4c8b 5424 | 604c 8b4c | 2468 488b | 7c24 7048 
  0x000001f6df48ba60: 8bf0 e91f | e5ff ff4c | 894c 2468 | 4889 5c24 | 6044 8944 | 2454 4c8b | 5c24 284c | 895c 2420 
  0x000001f6df48ba80: 488b 6c24 

  0x000001f6df48ba84: ;   {metadata({type array byte})}
  0x000001f6df48ba84: 4848 bac0 | 2200 80f6 | 0100 0044 | 8bc7 6690 

  0x000001f6df48ba94: ;   {runtime_call _new_array_nozero_Java}
  0x000001f6df48ba94: c5f8 77e8 

  0x000001f6df48ba98: ; ImmutableOopMap {rbp=Oop [32]=Oop [48]=Oop [64]=Oop [84]=NarrowOop [88]=Oop [128]=Oop [96]=Derived_oop_[128] }
                      ;*invokevirtual clone {reexecute=1 rethrow=0 return_oop=1}
                      ; - (reexecute) java.util.Arrays::copyOfRange@18 (line 3856)
                      ; - java.lang.String::<init>@32 (line 4788)
                      ; - java.lang.String::<init>@3 (line 1507)
                      ; - java.lang.StringBuilder::toString@5 (line 475)
                      ; - java.net.URLStreamHandler::toExternalForm@152 (line 486)
                      ; - java.net.URL::toExternalForm@5 (line 1203)
                      ; - java.net.URL::toString@1 (line 1189)
                      ; - java.lang.ClassLoader::defineClassSourceLocation@22 (line 927)
                      ; - java.lang.ClassLoader::defineClass@12 (line 1026)
  0x000001f6df48ba98: e45e 56ff 

  0x000001f6df48ba9c: ;   {other}
  0x000001f6df48ba9c: 0f1f 8400 | 8c2f 002d | 4889 6c24 | 484c 8b5c | 2420 4c89 | 5c24 2848 | 8b5c 2460 | 4c8b 4c24 
  0x000001f6df48babc: 6848 8bf0 | e9a0 e0ff | ff4c 8b5c | 2450 41c6 | 4311 0133 | c04c 8b54 | 2420 4c89 | 5424 284c 
  0x000001f6df48badc: 8b54 2430 | 4c89 5424 | 404c 8b54 | 2448 4c89 | 5424 308b | 4c24 5844 | 8b44 245c | e9ab e5ff 
  0x000001f6df48bafc: ffba e4ff | ffff 488b | 6c24 304c | 8b54 2440 | 4c89 5424 | 384c 894c | 2448 4489 | 5c24 5844 
  0x000001f6df48bb1c: 8944 245c 

  0x000001f6df48bb20: ;   {runtime_call UncommonTrapBlob}
  0x000001f6df48bb20: c5f8 77e8 

  0x000001f6df48bb24: ; ImmutableOopMap {rbp=Oop [40]=Oop [56]=Oop [72]=Oop [88]=NarrowOop }
                      ;*baload {reexecute=0 rethrow=0 return_oop=0}
                      ; - java.lang.StringLatin1::lastIndexOf@24 (line 286)
                      ; - java.lang.String::lastIndexOf@13 (line 2573)
                      ; - java.lang.String::lastIndexOf@8 (line 2535)
                      ; - java.lang.Class::getPackageName@47 (line 1168)
                      ; - java.lang.ClassLoader::postDefineClass@2 (line 934)
                      ; - java.lang.ClassLoader::defineClass@37 (line 1028)
  0x000001f6df48bb24: d88a 53ff 

  0x000001f6df48bb28: ;   {other}
  0x000001f6df48bb28: 0f1f 8400 | 1830 002e | 4889 6c24 | 484c 8b54 | 2420 4c89 | 5424 2844 | 8b4c 2454 | 4c8b 5424 
  0x000001f6df48bb48: 604c 8b5c | 2458 41c6 | 4310 0141 | d1e1 498b | d244 8b84 | 2490 0000 | 0066 6690 

  0x000001f6df48bb64: ;   {static_call}
  0x000001f6df48bb64: c5f8 77e8 

  0x000001f6df48bb68: ; ImmutableOopMap {[40]=Oop [48]=Oop [64]=Oop [72]=Oop [88]=Oop }
                      ;*invokestatic copyOfRange {reexecute=0 rethrow=0 return_oop=1}
                      ; - java.lang.String::<init>@92 (line 4800)
                      ; - java.lang.String::<init>@3 (line 1507)
                      ; - java.lang.StringBuilder::toString@5 (line 475)
                      ; - java.net.URLStreamHandler::toExternalForm@152 (line 486)
                      ; - java.net.URL::toExternalForm@5 (line 1203)
                      ; - java.net.URL::toString@1 (line 1189)
                      ; - java.lang.ClassLoader::defineClassSourceLocation@22 (line 927)
                      ; - java.lang.ClassLoader::defineClass@12 (line 1026)
  0x000001f6df48bb68: 1435 53ff 

  0x000001f6df48bb6c: ;   {other}
  0x000001f6df48bb6c: 0f1f 8400 | 5c30 002f | 488b d866 | 0f1f 8400 | 0000 0000 | 4180 7f40 | 000f 8561 | 0f00 004c 
  0x000001f6df48bb8c: 8b54 2458 | 4c8b c34d | 8bd8 4d33 | da4d 8bc8 | 49c1 e903 | 488b 4c24 | 5844 8949 | 1449 c1eb 
  0x000001f6df48bbac: 154d 85db | 0f84 1ae1 | ffff 4d85 | c00f 8411 | e1ff ff49 | c1ea 0948 | b900 d041 | e3f6 0100 
  0x000001f6df48bbcc: 0049 03ca | 8039 020f | 84f7 e0ff | ff4d 8b57 | 584d 8b5f | 48f0 8344 | 24c0 0080 | 3900 0f84 
  0x000001f6df48bbec: e0e0 ffff | 4488 214d | 85db 7520 | 498b d7c5 | f877 49ba | a0e2 1f4d | fd7f 0000 

  0x000001f6df48bc08: ;   {other}
  0x000001f6df48bc08: 41ff d20f | 1f84 0000 | 0000 00e9 | b8e0 ffff | 4b89 4c1a | f849 83c3 | f84d 895f | 48e9 a6e0 
  0x000001f6df48bc28: ffff 4c89 | 8424 8000 | 0000 4889 | 7424 7889 | 5c24 704c | 8b44 2450 | 4c89 4424 | 684c 8974 
  0x000001f6df48bc48: 2460 4c89 | 5c24 5844 | 8b9c 2490 | 0000 0044 | 895c 2454 | 4489 4c24 | 504c 8b5c | 2428 4c89 
  0x000001f6df48bc68: 5c24 2048 | 8b6c 2448 

  0x000001f6df48bc70: ;   {metadata({type array byte})}
  0x000001f6df48bc70: 48ba c022 | 0080 f601 | 0000 458b | c266 6690 

  0x000001f6df48bc80: ;   {runtime_call _new_array_nozero_Java}
  0x000001f6df48bc80: c5f8 77e8 

  0x000001f6df48bc84: ; ImmutableOopMap {rbp=Oop [32]=Oop [48]=Oop [64]=Oop [80]=NarrowOop [88]=Oop [96]=Derived_oop_[88] [104]=Oop [112]=NarrowOop [120]=Oop }
                      ;*invokevirtual clone {reexecute=1 rethrow=0 return_oop=1}
                      ; - (reexecute) java.util.Arrays::copyOfRange@18 (line 3856)
                      ; - java.lang.StringLatin1::newString@16 (line 752)
                      ; - java.lang.String::substring@41 (line 2839)
                      ; - java.lang.ClassLoader::checkCerts@21 (line 1164)
                      ; - java.lang.ClassLoader::preDefineClass@113 (line 917)
                      ; - java.lang.ClassLoader::defineClass@4 (line 1025)
  0x000001f6df48bc84: f85c 56ff 

  0x000001f6df48bc88: ;   {other}
  0x000001f6df48bc88: 0f1f 8400 | 7831 0030 | 4889 6c24 | 484c 8b5c | 2420 4c89 | 5c24 2844 | 8b44 2454 | 4489 8424 
  0x000001f6df48bca8: 9000 0000 | 4c8b 7424 | 604c 8b5c | 2468 4c89 | 5c24 508b | 5c24 7048 | 8b74 2478 | 4c8b 8424 
  0x000001f6df48bcc8: 8000 0000 | 4c8b e8e9 | f2d6 ffff | 4c8b 5424 | 204c 8954 | 2428 4c8b | 5424 304c | 8954 2440 
  0x000001f6df48bce8: 4c8b 5424 | 484c 8954 | 2430 4c8b | 5c24 5044 | 8b44 2458 | 0f1f 4000 | e9ec e4ff | ff4c 894c 
  0x000001f6df48bd08: 2468 4c89 | 5424 6048 | 895c 2458 | 4489 5c24 | 504c 8b5c | 2430 4c89 | 5c24 484c | 8b5c 2440 
  0x000001f6df48bd28: 4c89 5c24 | 304c 8b5c | 2428 4c89 

  0x000001f6df48bd34: ;   {metadata({type array byte})}
  0x000001f6df48bd34: 5c24 2048 | bac0 2200 | 80f6 0100 | 0044 8bc7 | 4c8b 5424 | 484c 8954 | 2428 6690 

  0x000001f6df48bd50: ;   {runtime_call _new_array_nozero_Java}
  0x000001f6df48bd50: c5f8 77e8 

  0x000001f6df48bd54: ; ImmutableOopMap {rbp=Oop [96]=Derived_oop_rbp [32]=Oop [40]=Oop [48]=Oop [72]=Oop [80]=NarrowOop [88]=Oop }
                      ;*invokevirtual clone {reexecute=1 rethrow=0 return_oop=1}
                      ; - (reexecute) java.util.Arrays::copyOfRange@18 (line 3856)
                      ; - java.lang.StringLatin1::newString@16 (line 752)
                      ; - java.lang.String::substring@41 (line 2839)
                      ; - java.lang.Class::getPackageName@62 (line 1169)
                      ; - java.lang.ClassLoader::postDefineClass@2 (line 934)
                      ; - java.lang.ClassLoader::defineClass@37 (line 1028)
  0x000001f6df48bd54: 285c 56ff 

  0x000001f6df48bd58: ;   {other}
  0x000001f6df48bd58: 0f1f 8400 | 4832 0031 | 4c8b 5424 | 204c 8954 | 2428 4c8b | 5424 304c | 8954 2440 | 4c8b 5424 
  0x000001f6df48bd78: 484c 8954 | 2430 488b | 5c24 584c | 8b54 2460 | 4c8b 4c24 | 6848 8bf0 | e91d e1ff | ffba f6ff 
  0x000001f6df48bd98: ffff 488b | ee66 6690 

  0x000001f6df48bda0: ;   {runtime_call UncommonTrapBlob}
  0x000001f6df48bda0: c5f8 77e8 

  0x000001f6df48bda4: ; ImmutableOopMap {rbp=Oop }
                      ;*invokevirtual putIfAbsent {reexecute=0 rethrow=0 return_oop=0}
                      ; - java.lang.ClassLoader::checkCerts@62 (line 1171)
                      ; - java.lang.ClassLoader::preDefineClass@113 (line 917)
                      ; - java.lang.ClassLoader::defineClass@4 (line 1025)
  0x000001f6df48bda4: 5888 53ff 

  0x000001f6df48bda8: ;   {other}
  0x000001f6df48bda8: 0f1f 8400 | 9832 0032 | baf6 ffff | ff8b eb90 

  0x000001f6df48bdb8: ;   {runtime_call UncommonTrapBlob}
  0x000001f6df48bdb8: c5f8 77e8 

  0x000001f6df48bdbc: ; ImmutableOopMap {rbp=NarrowOop }
                      ;*invokevirtual toExternalForm {reexecute=0 rethrow=0 return_oop=0}
                      ; - java.net.URL::toExternalForm@5 (line 1203)
                      ; - java.net.URL::toString@1 (line 1189)
                      ; - java.lang.ClassLoader::defineClassSourceLocation@22 (line 927)
                      ; - java.lang.ClassLoader::defineClass@12 (line 1026)
  0x000001f6df48bdbc: 4088 53ff 

  0x000001f6df48bdc0: ;   {other}
  0x000001f6df48bdc0: 0f1f 8400 | b032 0033 | baf6 ffff | ff48 8beb 

  0x000001f6df48bdd0: ;   {runtime_call UncommonTrapBlob}
  0x000001f6df48bdd0: c5f8 77e8 

  0x000001f6df48bdd4: ; ImmutableOopMap {rbp=Oop }
                      ;*invokevirtual get {reexecute=0 rethrow=0 return_oop=0}
                      ; - java.lang.ClassLoader::getNamedPackage@5 (line 341)
                      ; - java.lang.ClassLoader::postDefineClass@9 (line 934)
                      ; - java.lang.ClassLoader::defineClass@37 (line 1028)
  0x000001f6df48bdd4: 2888 53ff 

  0x000001f6df48bdd8: ;   {other}
  0x000001f6df48bdd8: 0f1f 8400 | c832 0034 | bae4 ffff | ff4c 8b54 | 2428 4c89 | 5424 204c | 8b54 2448 | 4c89 5424 
  0x000001f6df48bdf8: 2889 5c24 | 484c 8944 | 2458 4489 | 5c24 4c90 

  0x000001f6df48be08: ;   {runtime_call UncommonTrapBlob}
  0x000001f6df48be08: c5f8 77e8 

  0x000001f6df48be0c: ; ImmutableOopMap {[32]=Oop [40]=Oop [48]=Oop [64]=Oop [72]=NarrowOop [76]=NarrowOop [88]=Oop [120]=Oop }
                      ;*bastore {reexecute=0 rethrow=0 return_oop=0}
                      ; - java.lang.AbstractStringBuilder::append@41 (line 808)
                      ; - java.lang.StringBuilder::append@2 (line 246)
                      ; - java.net.URLStreamHandler::toExternalForm@16 (line 480)
                      ; - java.net.URL::toExternalForm@5 (line 1203)
                      ; - java.net.URL::toString@1 (line 1189)
                      ; - java.lang.ClassLoader::defineClassSourceLocation@22 (line 927)
                      ; - java.lang.ClassLoader::defineClass@12 (line 1026)
  0x000001f6df48be0c: f087 53ff 

  0x000001f6df48be10: ;   {other}
  0x000001f6df48be10: 0f1f 8400 | 0033 0035 | ba45 ffff | ff48 8b6c | 2428 6690 

  0x000001f6df48be24: ;   {runtime_call UncommonTrapBlob}
  0x000001f6df48be24: c5f8 77e8 

  0x000001f6df48be28: ; ImmutableOopMap {rbp=Oop [48]=Oop [64]=Oop [72]=Oop }
                      ;*ifeq {reexecute=1 rethrow=0 return_oop=0}
                      ; - (reexecute) java.lang.ClassLoader::checkName@8 (line 1155)
                      ; - java.lang.ClassLoader::preDefineClass@1 (line 900)
                      ; - java.lang.ClassLoader::defineClass@4 (line 1025)
  0x000001f6df48be28: d487 53ff 

  0x000001f6df48be2c: ;   {other}
  0x000001f6df48be2c: 0f1f 8400 | 1c33 0036 | bacc ffff | ff4c 8b44 | 2428 4c89 | 4424 204c | 8b44 2448 | 4c89 4424 
  0x000001f6df48be4c: 2889 5c24 | 484c 8b44 | 2478 4c89 | 4424 5844 | 896c 244c | 894c 2460 | 4489 5c24 | 6444 8954 
  0x000001f6df48be6c: 2468 6690 

  0x000001f6df48be70: ;   {runtime_call UncommonTrapBlob}
  0x000001f6df48be70: c5f8 77e8 

  0x000001f6df48be74: ; ImmutableOopMap {[32]=Oop [40]=Oop [48]=Oop [64]=Oop [72]=NarrowOop [88]=Oop [96]=NarrowOop [100]=NarrowOop [120]=Oop }
                      ;*invokestatic arraycopy {reexecute=0 rethrow=0 return_oop=0}
                      ; - java.lang.String::getBytes@22 (line 4726)
                      ; - java.lang.AbstractStringBuilder::putStringAt@15 (line 1751)
                      ; - java.lang.AbstractStringBuilder::append@30 (line 588)
                      ; - java.lang.StringBuilder::append@2 (line 179)
                      ; - java.net.URLStreamHandler::toExternalForm@11 (line 480)
                      ; - java.net.URL::toExternalForm@5 (line 1203)
                      ; - java.net.URL::toString@1 (line 1189)
                      ; - java.lang.ClassLoader::defineClassSourceLocation@22 (line 927)
                      ; - java.lang.ClassLoader::defineClass@12 (line 1026)
  0x000001f6df48be74: 8887 53ff 

  0x000001f6df48be78: ;   {other}
  0x000001f6df48be78: 0f1f 8400 | 6833 0037 | bacc ffff | ff4c 8b54 | 2428 4c89 | 5424 204c | 8b54 2448 | 4c89 5424 
  0x000001f6df48be98: 2889 5c24 | 484c 8b54 | 2478 4c89 | 5424 5844 | 895c 244c 

  0x000001f6df48beac: ;   {runtime_call UncommonTrapBlob}
  0x000001f6df48beac: c5f8 77e8 

  0x000001f6df48beb0: ; ImmutableOopMap {rbp=NarrowOop [32]=Oop [40]=Oop [48]=Oop [64]=Oop [72]=NarrowOop [88]=Oop [120]=Oop }
                      ;*invokestatic arraycopy {reexecute=0 rethrow=0 return_oop=0}
                      ; - java.lang.String::getBytes@22 (line 4726)
                      ; - java.lang.AbstractStringBuilder::putStringAt@15 (line 1751)
                      ; - java.lang.AbstractStringBuilder::append@30 (line 588)
                      ; - java.lang.StringBuilder::append@2 (line 179)
                      ; - java.net.URLStreamHandler::toExternalForm@59 (line 483)
                      ; - java.net.URL::toExternalForm@5 (line 1203)
                      ; - java.net.URL::toString@1 (line 1189)
                      ; - java.lang.ClassLoader::defineClassSourceLocation@22 (line 927)
                      ; - java.lang.ClassLoader::defineClass@12 (line 1026)
  0x000001f6df48beb0: 4c87 53ff 

  0x000001f6df48beb4: ;   {other}
  0x000001f6df48beb4: 0f1f 8400 | a433 0038 | bacc ffff | ff4c 8b44 | 2428 4c89 | 4424 204c | 8b44 2448 | 4c89 4424 
  0x000001f6df48bed4: 2889 5c24 | 484c 8b44 | 2478 4c89 | 4424 5844 | 896c 244c | 4489 5424 | 6089 7424 | 6444 895c 
  0x000001f6df48bef4: 2468 6690 

  0x000001f6df48bef8: ;   {runtime_call UncommonTrapBlob}
  0x000001f6df48bef8: c5f8 77e8 

  0x000001f6df48befc: ; ImmutableOopMap {[32]=Oop [40]=Oop [48]=Oop [64]=Oop [72]=NarrowOop [88]=Oop [96]=NarrowOop [100]=NarrowOop [120]=Oop }
                      ;*invokestatic arraycopy {reexecute=0 rethrow=0 return_oop=0}
                      ; - java.lang.String::getBytes@22 (line 4726)
                      ; - java.lang.AbstractStringBuilder::putStringAt@15 (line 1751)
                      ; - java.lang.AbstractStringBuilder::append@30 (line 588)
                      ; - java.lang.StringBuilder::append@2 (line 179)
                      ; - java.net.URLStreamHandler::toExternalForm@77 (line 484)
                      ; - java.net.URL::toExternalForm@5 (line 1203)
                      ; - java.net.URL::toString@1 (line 1189)
                      ; - java.lang.ClassLoader::defineClassSourceLocation@22 (line 927)
                      ; - java.lang.ClassLoader::defineClass@12 (line 1026)
  0x000001f6df48befc: 0087 53ff 

  0x000001f6df48bf00: ;   {other}
  0x000001f6df48bf00: 0f1f 8400 | f033 0039 | bacc ffff | ff4c 8b5c | 2428 4c89 | 5c24 204c | 8b5c 2448 | 4c89 5c24 
  0x000001f6df48bf20: 2889 5c24 | 484c 8b5c | 2478 4c89 | 5c24 5844 | 8954 244c 

  0x000001f6df48bf34: ;   {runtime_call UncommonTrapBlob}
  0x000001f6df48bf34: c5f8 77e8 

  0x000001f6df48bf38: ; ImmutableOopMap {rbp=NarrowOop [32]=Oop [40]=Oop [48]=Oop [64]=Oop [72]=NarrowOop [88]=Oop [120]=Oop }
                      ;*invokestatic arraycopy {reexecute=0 rethrow=0 return_oop=0}
                      ; - java.lang.String::getBytes@22 (line 4726)
                      ; - java.lang.AbstractStringBuilder::putStringAt@15 (line 1751)
                      ; - java.lang.AbstractStringBuilder::append@30 (line 588)
                      ; - java.lang.StringBuilder::append@2 (line 179)
                      ; - java.net.URLStreamHandler::toExternalForm@113 (line 485)
                      ; - java.net.URL::toExternalForm@5 (line 1203)
                      ; - java.net.URL::toString@1 (line 1189)
                      ; - java.lang.ClassLoader::defineClassSourceLocation@22 (line 927)
                      ; - java.lang.ClassLoader::defineClass@12 (line 1026)
  0x000001f6df48bf38: c486 53ff 

  0x000001f6df48bf3c: ;   {other}
  0x000001f6df48bf3c: 0f1f 8400 | 2c34 003a | bacc ffff | ff4c 8b54 | 2428 4c89 | 5424 204c | 8b54 2448 | 4c89 5424 
  0x000001f6df48bf5c: 284c 8b54 | 2478 4c89 | 5424 5044 | 8944 2458 

  0x000001f6df48bf6c: ;   {runtime_call UncommonTrapBlob}
  0x000001f6df48bf6c: c5f8 77e8 

  0x000001f6df48bf70: ; ImmutableOopMap {rbp=NarrowOop [32]=Oop [40]=Oop [48]=Oop [64]=Oop [80]=Oop [120]=Oop }
                      ;*invokestatic arraycopy {reexecute=0 rethrow=0 return_oop=0}
                      ; - java.lang.String::getBytes@22 (line 4726)
                      ; - java.lang.AbstractStringBuilder::putStringAt@15 (line 1751)
                      ; - java.lang.AbstractStringBuilder::append@30 (line 588)
                      ; - java.lang.StringBuilder::append@2 (line 179)
                      ; - java.net.URLStreamHandler::toExternalForm@149 (line 486)
                      ; - java.net.URL::toExternalForm@5 (line 1203)
                      ; - java.net.URL::toString@1 (line 1189)
                      ; - java.lang.ClassLoader::defineClassSourceLocation@22 (line 927)
                      ; - java.lang.ClassLoader::defineClass@12 (line 1026)
  0x000001f6df48bf70: 8c86 53ff 

  0x000001f6df48bf74: ;   {other}
  0x000001f6df48bf74: 0f1f 8400 | 6434 003b | bace ffff | ff48 8b6c | 2428 4489 | 4c24 5889 | 7424 5c90 

  0x000001f6df48bf90: ;   {runtime_call UncommonTrapBlob}
  0x000001f6df48bf90: c5f8 77e8 

  0x000001f6df48bf94: ; ImmutableOopMap {rbp=Oop [48]=Oop [64]=Oop [72]=Oop [88]=NarrowOop }
                      ;*invokestatic indexOfChar {reexecute=0 rethrow=0 return_oop=0}
                      ; - java.lang.StringLatin1::indexOf@33 (line 204)
                      ; - java.lang.String::indexOf@17 (line 2461)
                      ; - java.lang.String::indexOf@3 (line 2405)
                      ; - java.lang.ClassLoader::checkName@16 (line 1157)
                      ; - java.lang.ClassLoader::preDefineClass@1 (line 900)
                      ; - java.lang.ClassLoader::defineClass@4 (line 1025)
  0x000001f6df48bf94: 6886 53ff 

  0x000001f6df48bf98: ;   {other}
  0x000001f6df48bf98: 0f1f 8400 | 8834 003c | ba45 ffff | ff4c 8b54 | 2428 4c89 | 5424 204c | 8b54 2448 | 4c89 5424 
  0x000001f6df48bfb8: 2889 5c24 | 4866 6690 

  0x000001f6df48bfc0: ;   {runtime_call UncommonTrapBlob}
  0x000001f6df48bfc0: c5f8 77e8 

  0x000001f6df48bfc4: ; ImmutableOopMap {rbp=NarrowOop [32]=Oop [40]=Oop [48]=Oop [64]=Oop [72]=NarrowOop [120]=Oop }
                      ;*ifne {reexecute=1 rethrow=0 return_oop=0}
                      ; - (reexecute) java.net.URLStreamHandler::toExternalForm@32 (line 482)
                      ; - java.net.URL::toExternalForm@5 (line 1203)
                      ; - java.net.URL::toString@1 (line 1189)
                      ; - java.lang.ClassLoader::defineClassSourceLocation@22 (line 927)
                      ; - java.lang.ClassLoader::defineClass@12 (line 1026)
  0x000001f6df48bfc4: 3886 53ff 

  0x000001f6df48bfc8: ;   {other}
  0x000001f6df48bfc8: 0f1f 8400 | b834 003d | bae4 ffff | ff48 8b6c | 2428 4489 | 4c24 5490 

  0x000001f6df48bfe0: ;   {runtime_call UncommonTrapBlob}
  0x000001f6df48bfe0: c5f8 77e8 

  0x000001f6df48bfe4: ; ImmutableOopMap {rbp=Oop [48]=Oop [64]=Oop [72]=Oop [84]=NarrowOop }
                      ;*baload {reexecute=0 rethrow=0 return_oop=0}
                      ; - jdk.internal.util.ArraysSupport::mismatch@82 (line 402)
                      ; - java.lang.String::startsWith@70 (line 2297)
                      ; - java.lang.String::startsWith@3 (line 2327)
                      ; - java.lang.ClassLoader::preDefineClass@43 (line 906)
                      ; - java.lang.ClassLoader::defineClass@4 (line 1025)
  0x000001f6df48bfe4: 1886 53ff 

  0x000001f6df48bfe8: ;   {other}
  0x000001f6df48bfe8: 0f1f 8400 | d834 003e | 4d63 d9e9 | bedb ffff | 4983 c3fe | 498b cb48 | 8bfa 4833 | c048 83f9 
  0x000001f6df48c008: 087f 1048 | ffc9 784f | 4889 04cf | 48ff c97d | f7eb 44c5 | fdef c0e9 | 0d00 0000 | c5fe 7f07 
  0x000001f6df48c028: c5fe 7f47 | 2048 83c7 | 4048 83e9 | 087d ed48 | 83c1 047c | 0cc5 fe7f | 0748 83c7 | 2048 83e9 
  0x000001f6df48c048: 0448 83c1 | 047e 1048 | ffc9 c5f9 | d607 4883 | c708 48ff | c97d f390 | e924 dcff | ffba ccff 
  0x000001f6df48c068: ffff 488b | 6c24 284c | 8b54 2448 | 4c89 5424 | 204c 8b54 | 2430 4c89 | 5424 2844 | 8b5c 2438 
  0x000001f6df48c088: 4489 5c24 | 3044 8b54 | 243c 4489 | 5424 344c | 8b54 2440 | 4c89 5424 | 3848 8944 | 2448 4489 
  0x000001f6df48c0a8: 4424 5044 | 894c 2458 

  0x000001f6df48c0b0: ;   {runtime_call UncommonTrapBlob}
  0x000001f6df48c0b0: c5f8 77e8 

  0x000001f6df48c0b4: ; ImmutableOopMap {rbp=Oop [32]=Oop [40]=Oop [56]=Oop [72]=Oop [80]=NarrowOop }
                      ;*newarray {reexecute=1 rethrow=0 return_oop=0}
                      ; - (reexecute) java.util.Arrays::copyOfRangeByte@10 (line 3863)
                      ; - java.util.Arrays::copyOfRange@13 (line 3854)
                      ; - java.lang.String::<init>@32 (line 4788)
                      ; - java.lang.String::<init>@3 (line 1507)
                      ; - java.lang.StringBuilder::toString@5 (line 475)
                      ; - java.net.URLStreamHandler::toExternalForm@152 (line 486)
                      ; - java.net.URL::toExternalForm@5 (line 1203)
                      ; - java.net.URL::toString@1 (line 1189)
                      ; - java.lang.ClassLoader::defineClassSourceLocation@22 (line 927)
                      ; - java.lang.ClassLoader::defineClass@12 (line 1026)
  0x000001f6df48c0b4: 4885 53ff 

  0x000001f6df48c0b8: ;   {other}
  0x000001f6df48c0b8: 0f1f 8400 | a835 003f | baf6 ffff | ff48 8b6c | 2420 6690 

  0x000001f6df48c0cc: ;   {runtime_call UncommonTrapBlob}
  0x000001f6df48c0cc: c5f8 77e8 

  0x000001f6df48c0d0: ; ImmutableOopMap {rbp=Oop [80]=Oop }
                      ;*invokevirtual putIfAbsent {reexecute=0 rethrow=0 return_oop=0}
                      ; - java.lang.ClassLoader::getNamedPackage@32 (line 345)
                      ; - java.lang.ClassLoader::postDefineClass@9 (line 934)
                      ; - java.lang.ClassLoader::defineClass@37 (line 1028)
  0x000001f6df48c0d0: 2c85 53ff 

  0x000001f6df48c0d4: ;   {other}
  0x000001f6df48c0d4: 0f1f 8400 | c435 0040 | 488b e8ba | 54ff ffff | 4c8b 5424 | 404c 8954 | 2438 448b | 5c24 4844 
  0x000001f6df48c0f4: 895c 2440 

  0x000001f6df48c0f8: ;   {runtime_call UncommonTrapBlob}
  0x000001f6df48c0f8: c5f8 77e8 

  0x000001f6df48c0fc: ; ImmutableOopMap {rbp=Oop [40]=Oop [48]=Oop [56]=Oop [64]=NarrowOop [80]=Oop }
                      ;*ifnull {reexecute=1 rethrow=0 return_oop=0}
                      ; - (reexecute) java.lang.ClassLoader::getNamedPackage@42 (line 346)
                      ; - java.lang.ClassLoader::postDefineClass@9 (line 934)
                      ; - java.lang.ClassLoader::defineClass@37 (line 1028)
  0x000001f6df48c0fc: 0085 53ff 

  0x000001f6df48c100: ;   {other}
  0x000001f6df48c100: 0f1f 8400 | f035 0041 | baf6 ffff | ff66 6690 

  0x000001f6df48c110: ;   {runtime_call UncommonTrapBlob}
  0x000001f6df48c110: c5f8 77e8 

  0x000001f6df48c114: ; ImmutableOopMap {}
                      ;*invokevirtual isNamed {reexecute=0 rethrow=0 return_oop=0}
                      ; - java.lang.NamedPackage::<init>@12 (line 48)
                      ; - java.lang.ClassLoader::getNamedPackage@22 (line 343)
                      ; - java.lang.ClassLoader::postDefineClass@9 (line 934)
                      ; - java.lang.ClassLoader::defineClass@37 (line 1028)
  0x000001f6df48c114: e884 53ff 

  0x000001f6df48c118: ;   {other}
  0x000001f6df48c118: 0f1f 8400 | 0836 0042 | baad ffff | ff4c 8b54 | 2440 4c89 | 5424 3890 

  0x000001f6df48c130: ;   {runtime_call UncommonTrapBlob}
  0x000001f6df48c130: c5f8 77e8 

  0x000001f6df48c134: ; ImmutableOopMap {[32]=Oop [40]=Oop [48]=Oop [56]=Oop [72]=NarrowOop [80]=Oop }
                      ;*new {reexecute=0 rethrow=0 return_oop=0}
                      ; - java.lang.NamedPackage::<init>@18 (line 49)
                      ; - java.lang.ClassLoader::getNamedPackage@22 (line 343)
                      ; - java.lang.ClassLoader::postDefineClass@9 (line 934)
                      ; - java.lang.ClassLoader::defineClass@37 (line 1028)
  0x000001f6df48c134: c884 53ff 

  0x000001f6df48c138: ;   {other}
  0x000001f6df48c138: 0f1f 8400 | 2836 0043 | 4863 d1e9 | c7d2 ffff | 4883 c2fe | 488b ca49 | 8bfa 4833 | c048 83f9 
  0x000001f6df48c158: 087f 1048 | ffc9 784f | 4889 04cf | 48ff c97d | f7eb 44c5 | fdef c0e9 | 0d00 0000 | c5fe 7f07 
  0x000001f6df48c178: c5fe 7f47 | 2048 83c7 | 4048 83e9 | 087d ed48 | 83c1 047c | 0cc5 fe7f | 0748 83c7 | 2048 83e9 
  0x000001f6df48c198: 0448 83c1 | 047e 1048 | ffc9 c5f9 | d607 4883 | c708 48ff | c97d f3e9 | 38d3 ffff | ba45 ffff 
  0x000001f6df48c1b8: ff4c 8b54 | 2440 4c89 | 5424 3848 | 8944 2440 

  0x000001f6df48c1c8: ;   {runtime_call UncommonTrapBlob}
  0x000001f6df48c1c8: c5f8 77e8 

  0x000001f6df48c1cc: ; ImmutableOopMap {[40]=Oop [48]=Oop [56]=Oop [64]=Oop }
                      ;*ifeq {reexecute=1 rethrow=0 return_oop=0}
                      ; - (reexecute) java.lang.Class::getPackageName@13 (line 1163)
                      ; - java.lang.ClassLoader::postDefineClass@2 (line 934)
                      ; - java.lang.ClassLoader::defineClass@37 (line 1028)
  0x000001f6df48c1cc: 3084 53ff 

  0x000001f6df48c1d0: ;   {other}
  0x000001f6df48c1d0: 0f1f 8400 | c036 0044 | bacc ffff | ff89 4c24 | 2044 8b54 | 2438 4489 | 5424 2444 | 8b5c 243c 
  0x000001f6df48c1f0: 4489 5c24 | 3889 5c24 | 3c48 8974 | 2468 4489 | 4c24 7090 

  0x000001f6df48c204: ;   {runtime_call UncommonTrapBlob}
  0x000001f6df48c204: c5f8 77e8 

  0x000001f6df48c208: ; ImmutableOopMap {[40]=Oop [48]=Oop [60]=NarrowOop [64]=Oop [72]=Oop [80]=Oop [104]=Oop [112]=NarrowOop }
                      ;*newarray {reexecute=1 rethrow=0 return_oop=0}
                      ; - (reexecute) java.util.Arrays::copyOfRangeByte@10 (line 3863)
                      ; - java.util.Arrays::copyOfRange@13 (line 3854)
                      ; - java.lang.StringLatin1::newString@16 (line 752)
                      ; - java.lang.String::substring@41 (line 2839)
                      ; - java.lang.ClassLoader::checkCerts@21 (line 1164)
                      ; - java.lang.ClassLoader::preDefineClass@113 (line 917)
                      ; - java.lang.ClassLoader::defineClass@4 (line 1025)
  0x000001f6df48c208: f483 53ff 

  0x000001f6df48c20c: ;   {other}
  0x000001f6df48c20c: 0f1f 8400 | fc36 0045 | 4533 d245 | 85db 410f | 94c2 ba45 | ffff ff48 | 8b6c 2428 | 4489 5424 
  0x000001f6df48c22c: 6066 6690 

  0x000001f6df48c230: ;   {runtime_call UncommonTrapBlob}
  0x000001f6df48c230: c5f8 77e8 

  0x000001f6df48c234: ; ImmutableOopMap {rbp=Oop [48]=Oop [64]=Oop [72]=Oop }
                      ;*ifeq {reexecute=1 rethrow=0 return_oop=0}
                      ; - (reexecute) java.lang.String::indexOf@4 (line 2461)
                      ; - java.lang.String::indexOf@3 (line 2405)
                      ; - java.lang.ClassLoader::checkName@16 (line 1157)
                      ; - java.lang.ClassLoader::preDefineClass@1 (line 900)
                      ; - java.lang.ClassLoader::defineClass@4 (line 1025)
  0x000001f6df48c234: c883 53ff 

  0x000001f6df48c238: ;   {other}
  0x000001f6df48c238: 0f1f 8400 | 2837 0046 | ba45 ffff | ff89 4c24 | 2089 4c24 | 2489 5c24 | 6044 8944 | 2470 6690 
  0x000001f6df48c258: ;   {runtime_call UncommonTrapBlob}
  0x000001f6df48c258: c5f8 77e8 

  0x000001f6df48c25c: ; ImmutableOopMap {[40]=Oop [48]=Oop [64]=Oop [72]=Oop [80]=Oop [96]=NarrowOop }
                      ;*if_icmpgt {reexecute=1 rethrow=0 return_oop=0}
                      ; - (reexecute) jdk.internal.util.Preconditions::checkFromToIndex@6 (line 348)
                      ; - java.lang.String::checkBoundsBeginEnd@6 (line 4865)
                      ; - java.lang.String::substring@8 (line 2834)
                      ; - java.lang.ClassLoader::checkCerts@21 (line 1164)
                      ; - java.lang.ClassLoader::preDefineClass@113 (line 917)
                      ; - java.lang.ClassLoader::defineClass@4 (line 1025)
  0x000001f6df48c25c: a083 53ff 

  0x000001f6df48c260: ;   {other}
  0x000001f6df48c260: 0f1f 8400 | 5037 0047 | ba45 ffff | ff4c 8b54 | 2428 498b | ea4c 8b54 | 2448 4c89 | 5424 204c 
  0x000001f6df48c280: 8b54 2430 | 4c89 5424 | 2844 8b54 | 2438 4489 | 5424 308b | 7c24 3c89 | 7c24 344c | 8b54 2440 
  0x000001f6df48c2a0: 4c89 5424 | 3889 5c24 | 404c 8b54 | 2478 4c89 | 5424 5044 | 896c 2444 | 894c 2458 | 4489 5c24 
  0x000001f6df48c2c0: 5c44 894c | 2460 8974 | 2464 4489 | 4424 6890 

  0x000001f6df48c2d0: ;   {runtime_call UncommonTrapBlob}
  0x000001f6df48c2d0: c5f8 77e8 

  0x000001f6df48c2d4: ; ImmutableOopMap {rbp=Oop [32]=Oop [40]=Oop [56]=Oop [64]=NarrowOop [80]=Oop [88]=NarrowOop [92]=NarrowOop [120]=Oop }
                      ;*if_icmpne {reexecute=1 rethrow=0 return_oop=0}
                      ; - (reexecute) java.lang.String::getBytes@5 (line 4725)
                      ; - java.lang.AbstractStringBuilder::putStringAt@15 (line 1751)
                      ; - java.lang.AbstractStringBuilder::append@30 (line 588)
                      ; - java.lang.StringBuilder::append@2 (line 179)
                      ; - java.net.URLStreamHandler::toExternalForm@11 (line 480)
                      ; - java.net.URL::toExternalForm@5 (line 1203)
                      ; - java.net.URL::toString@1 (line 1189)
                      ; - java.lang.ClassLoader::defineClassSourceLocation@22 (line 927)
                      ; - java.lang.ClassLoader::defineClass@12 (line 1026)
  0x000001f6df48c2d4: 2883 53ff 

  0x000001f6df48c2d8: ;   {other}
  0x000001f6df48c2d8: 0f1f 8400 | c837 0048 | ba45 ffff | ff48 8b6c | 2428 4c8b | 5424 484c | 8954 2420 | 4c8b 5424 
  0x000001f6df48c2f8: 304c 8954 | 2428 448b | 4424 3844 | 8944 2430 | 448b 5424 | 3c44 8954 | 2434 4c8b | 5424 404c 
  0x000001f6df48c318: 8954 2438 | 895c 2440 | 4c8b 5424 | 784c 8954 | 2450 4489 | 6c24 4489 | 4c24 5889 | 7424 5c44 
  0x000001f6df48c338: 894c 2460 | 4489 5c24 | 6489 4424 | 6866 6690 

  0x000001f6df48c348: ;   {runtime_call UncommonTrapBlob}
  0x000001f6df48c348: c5f8 77e8 

  0x000001f6df48c34c: ; ImmutableOopMap {rbp=Oop [32]=Oop [40]=Oop [56]=Oop [64]=NarrowOop [80]=Oop [88]=NarrowOop [92]=NarrowOop [120]=Oop }
                      ;*if_icmpne {reexecute=1 rethrow=0 return_oop=0}
                      ; - (reexecute) java.lang.String::getBytes@5 (line 4725)
                      ; - java.lang.AbstractStringBuilder::putStringAt@15 (line 1751)
                      ; - java.lang.AbstractStringBuilder::append@30 (line 588)
                      ; - java.lang.StringBuilder::append@2 (line 179)
                      ; - java.net.URLStreamHandler::toExternalForm@77 (line 484)
                      ; - java.net.URL::toExternalForm@5 (line 1203)
                      ; - java.net.URL::toString@1 (line 1189)
                      ; - java.lang.ClassLoader::defineClassSourceLocation@22 (line 927)
                      ; - java.lang.ClassLoader::defineClass@12 (line 1026)
  0x000001f6df48c34c: b082 53ff 

  0x000001f6df48c350: ;   {other}
  0x000001f6df48c350: 0f1f 8400 | 4038 0049 | 498b d7c5 | f877 49ba | c0e2 1f4d | fd7f 0000 

  0x000001f6df48c368: ;   {other}
  0x000001f6df48c368: 41ff d20f | 1f84 0000 | 0000 00e9 | 1cd9 ffff | ba45 ffff | ff48 8b6c | 2428 895c | 2450 6690 
  0x000001f6df48c388: ;   {runtime_call UncommonTrapBlob}
  0x000001f6df48c388: c5f8 77e8 

  0x000001f6df48c38c: ; ImmutableOopMap {rbp=Oop [48]=Oop [64]=Oop [72]=Oop }
                      ;*if_icmpne {reexecute=1 rethrow=0 return_oop=0}
                      ; - (reexecute) java.lang.ClassLoader::checkName@20 (line 1157)
                      ; - java.lang.ClassLoader::preDefineClass@1 (line 900)
                      ; - java.lang.ClassLoader::defineClass@4 (line 1025)
  0x000001f6df48c38c: 7082 53ff 

  0x000001f6df48c390: ;   {other}
  0x000001f6df48c390: 0f1f 8400 | 8038 004a | ba45 ffff | ff4c 8b54 | 2440 4c89 | 5424 384c | 895c 2448 | 4489 4424 
  0x000001f6df48c3b0: 5066 6690 

  0x000001f6df48c3b4: ;   {runtime_call UncommonTrapBlob}
  0x000001f6df48c3b4: c5f8 77e8 

  0x000001f6df48c3b8: ; ImmutableOopMap {[40]=Oop [48]=Oop [56]=Oop [72]=Oop [80]=NarrowOop }
                      ;*ifle {reexecute=1 rethrow=0 return_oop=0}
                      ; - (reexecute) java.util.concurrent.ConcurrentHashMap::get@23 (line 937)
                      ; - java.lang.ClassLoader::getNamedPackage@5 (line 341)
                      ; - java.lang.ClassLoader::postDefineClass@9 (line 934)
                      ; - java.lang.ClassLoader::defineClass@37 (line 1028)
  0x000001f6df48c3b8: 4482 53ff 

  0x000001f6df48c3bc: ;   {other}
  0x000001f6df48c3bc: 0f1f 8400 | ac38 004b | ba45 ffff | ff66 6690 

  0x000001f6df48c3cc: ;   {runtime_call UncommonTrapBlob}
  0x000001f6df48c3cc: c5f8 77e8 

  0x000001f6df48c3d0: ; ImmutableOopMap {[40]=Oop [48]=Oop [64]=Oop [72]=Oop }
                      ;*if_icmpne {reexecute=1 rethrow=0 return_oop=0}
                      ; - (reexecute) java.lang.ClassLoader::checkName@30 (line 1157)
                      ; - java.lang.ClassLoader::preDefineClass@1 (line 900)
                      ; - java.lang.ClassLoader::defineClass@4 (line 1025)
  0x000001f6df48c3d0: 2c82 53ff 

  0x000001f6df48c3d4: ;   {other}
  0x000001f6df48c3d4: 0f1f 8400 | c438 004c | ba45 ffff | ff8b e94c | 8b54 2428 | 4c89 5424 | 2089 5c24 | 5866 6690 
  0x000001f6df48c3f4: ;   {runtime_call UncommonTrapBlob}
  0x000001f6df48c3f4: c5f8 77e8 

  0x000001f6df48c3f8: ; ImmutableOopMap {[32]=Oop [48]=Oop [64]=Oop [72]=Oop [80]=Oop [88]=NarrowOop }
                      ;*if_icmpne {reexecute=1 rethrow=0 return_oop=0}
                      ; - (reexecute) java.lang.ClassLoader::checkCerts@9 (line 1164)
                      ; - java.lang.ClassLoader::preDefineClass@113 (line 917)
                      ; - java.lang.ClassLoader::defineClass@4 (line 1025)
  0x000001f6df48c3f8: 0482 53ff 

  0x000001f6df48c3fc: ;   {other}
  0x000001f6df48c3fc: 0f1f 8400 | ec38 004d | ba45 ffff | ff89 4c24 | 2089 4c24 | 2489 5c24 | 6044 8944 | 2470 4489 
  0x000001f6df48c41c: 4424 7490 

  0x000001f6df48c420: ;   {runtime_call UncommonTrapBlob}
  0x000001f6df48c420: c5f8 77e8 

  0x000001f6df48c424: ; ImmutableOopMap {[40]=Oop [48]=Oop [64]=Oop [72]=Oop [80]=Oop [96]=NarrowOop }
                      ;*if_icmple {reexecute=1 rethrow=0 return_oop=0}
                      ; - (reexecute) jdk.internal.util.Preconditions::checkFromToIndex@11 (line 348)
                      ; - java.lang.String::checkBoundsBeginEnd@6 (line 4865)
                      ; - java.lang.String::substring@8 (line 2834)
                      ; - java.lang.ClassLoader::checkCerts@21 (line 1164)
                      ; - java.lang.ClassLoader::preDefineClass@113 (line 917)
                      ; - java.lang.ClassLoader::defineClass@4 (line 1025)
  0x000001f6df48c424: d881 53ff 

  0x000001f6df48c428: ;   {other}
  0x000001f6df48c428: 0f1f 8400 | 1839 004e | ba45 ffff | ff4c 8b54 | 2428 4c89 | 5424 2048 | 8974 2458 | 895c 2460 
  0x000001f6df48c448: ;   {runtime_call UncommonTrapBlob}
  0x000001f6df48c448: c5f8 77e8 

  0x000001f6df48c44c: ; ImmutableOopMap {rbp=NarrowOop [32]=Oop [48]=Oop [64]=Oop [72]=Oop [80]=Oop [88]=Oop [96]=NarrowOop }
                      ;*ifnull {reexecute=1 rethrow=0 return_oop=0}
                      ; - (reexecute) java.security.CodeSource::getCertificates@4 (line 204)
                      ; - java.lang.ClassLoader::checkCerts@34 (line 1168)
                      ; - java.lang.ClassLoader::preDefineClass@113 (line 917)
                      ; - java.lang.ClassLoader::defineClass@4 (line 1025)
  0x000001f6df48c44c: b081 53ff 

  0x000001f6df48c450: ;   {other}
  0x000001f6df48c450: 0f1f 8400 | 4039 004f | ba45 ffff | ff4c 8b54 | 2428 4c89 | 5424 2048 | 8974 2458 | 895c 2460 
  0x000001f6df48c470: ;   {runtime_call UncommonTrapBlob}
  0x000001f6df48c470: c5f8 77e8 

  0x000001f6df48c474: ; ImmutableOopMap {rbp=NarrowOop [32]=Oop [48]=Oop [64]=Oop [72]=Oop [80]=Oop [88]=Oop [96]=NarrowOop }
                      ;*ifnull {reexecute=1 rethrow=0 return_oop=0}
                      ; - (reexecute) java.security.CodeSource::getCertificates@22 (line 207)
                      ; - java.lang.ClassLoader::checkCerts@34 (line 1168)
                      ; - java.lang.ClassLoader::preDefineClass@113 (line 917)
                      ; - java.lang.ClassLoader::defineClass@4 (line 1025)
  0x000001f6df48c474: 8881 53ff 

  0x000001f6df48c478: ;   {other}
  0x000001f6df48c478: 0f1f 8400 | 6839 0050 | ba45 ffff | ff48 8b6c | 2428 4c8b | 5424 304c | 8954 2428 | 448b 5c24 
  0x000001f6df48c498: 3844 895c | 2430 448b | 5424 3c44 | 8954 2434 | 4c8b 5424 | 404c 8954 | 2438 895c | 2440 6690 
  0x000001f6df48c4b8: ;   {runtime_call UncommonTrapBlob}
  0x000001f6df48c4b8: c5f8 77e8 

  0x000001f6df48c4bc: ; ImmutableOopMap {rbp=Oop [40]=Oop [56]=Oop [64]=NarrowOop [72]=Oop }
                      ;*ifnull {reexecute=1 rethrow=0 return_oop=0}
                      ; - (reexecute) java.lang.ClassLoader::defineClassSourceLocation@15 (line 926)
                      ; - java.lang.ClassLoader::defineClass@12 (line 1026)
  0x000001f6df48c4bc: 4081 53ff 

  0x000001f6df48c4c0: ;   {other}
  0x000001f6df48c4c0: 0f1f 8400 | b039 0051 | ba45 ffff | ff4c 8b54 | 2428 498b | ea4c 8b54 | 2448 4c89 | 5424 204c 
  0x000001f6df48c4e0: 8b54 2430 | 4c89 5424 | 2844 8b54 | 2438 4489 | 5424 3044 | 8b5c 243c | 4489 5c24 | 344c 8b54 
  0x000001f6df48c500: 2440 4c89 | 5424 3889 | 5c24 404c | 8b54 2478 | 4c89 5424 | 5044 896c | 2444 4c89 | 5424 5844 
  0x000001f6df48c520: 894c 2460 | 894c 2464 | 4489 4424 | 7089 7424 | 7466 6690 

  0x000001f6df48c534: ;   {runtime_call UncommonTrapBlob}
  0x000001f6df48c534: c5f8 77e8 

  0x000001f6df48c538: ; ImmutableOopMap {rbp=Oop [32]=Oop [40]=Oop [56]=Oop [64]=NarrowOop [80]=Oop [88]=Oop [100]=NarrowOop }
                      ;*if_icmpeq {reexecute=1 rethrow=0 return_oop=0}
                      ; - (reexecute) java.lang.AbstractStringBuilder::inflateIfNeededFor@14 (line 1733)
                      ; - java.lang.AbstractStringBuilder::putStringAt@2 (line 1750)
                      ; - java.lang.AbstractStringBuilder::append@30 (line 588)
                      ; - java.lang.StringBuilder::append@2 (line 179)
                      ; - java.net.URLStreamHandler::toExternalForm@11 (line 480)
                      ; - java.net.URL::toExternalForm@5 (line 1203)
                      ; - java.net.URL::toString@1 (line 1189)
                      ; - java.lang.ClassLoader::defineClassSourceLocation@22 (line 927)
                      ; - java.lang.ClassLoader::defineClass@12 (line 1026)
  0x000001f6df48c538: c480 53ff 

  0x000001f6df48c53c: ;   {other}
  0x000001f6df48c53c: 0f1f 8400 | 2c3a 0052 | ba45 ffff | ff48 8b6c | 2428 4c8b | 4424 484c | 8944 2420 | 4c8b 4424 
  0x000001f6df48c55c: 304c 8944 | 2428 448b | 4424 3844 | 8944 2430 | 448b 4c24 | 3c44 894c | 2434 4c8b | 4424 404c 
  0x000001f6df48c57c: 8944 2438 | 895c 2440 | 4c8b 4424 | 784c 8944 | 2450 4c89 | 4424 5844 | 895c 2444 | 4489 5424 
  0x000001f6df48c59c: 6866 6690 

  0x000001f6df48c5a0: ;   {runtime_call UncommonTrapBlob}
  0x000001f6df48c5a0: c5f8 77e8 

  0x000001f6df48c5a4: ; ImmutableOopMap {rbp=Oop [32]=Oop [40]=Oop [56]=Oop [64]=NarrowOop [80]=Oop [88]=Oop }
                      ;*if_icmpeq {reexecute=1 rethrow=0 return_oop=0}
                      ; - (reexecute) java.lang.AbstractStringBuilder::inflateIfNeededFor@14 (line 1733)
                      ; - java.lang.AbstractStringBuilder::putStringAt@2 (line 1750)
                      ; - java.lang.AbstractStringBuilder::append@30 (line 588)
                      ; - java.lang.StringBuilder::append@2 (line 179)
                      ; - java.net.URLStreamHandler::toExternalForm@59 (line 483)
                      ; - java.net.URL::toExternalForm@5 (line 1203)
                      ; - java.net.URL::toString@1 (line 1189)
                      ; - java.lang.ClassLoader::defineClassSourceLocation@22 (line 927)
                      ; - java.lang.ClassLoader::defineClass@12 (line 1026)
  0x000001f6df48c5a4: 5880 53ff 

  0x000001f6df48c5a8: ;   {other}
  0x000001f6df48c5a8: 0f1f 8400 | 983a 0053 | ba45 ffff | ff48 8b6c | 2428 4c8b | 5424 484c | 8954 2420 | 4c8b 5424 
  0x000001f6df48c5c8: 304c 8954 | 2428 448b | 5424 3844 | 8954 2430 | 448b 4424 | 3c44 8944 | 2434 4c8b | 5424 404c 
  0x000001f6df48c5e8: 8954 2438 | 895c 2440 | 4c8b 5424 | 784c 8954 | 2450 4489 | 6c24 444c | 8954 2458 | 4489 4c24 
  0x000001f6df48c608: 6089 4c24 | 6489 4424 | 7044 895c | 2474 6690 

  0x000001f6df48c618: ;   {runtime_call UncommonTrapBlob}
  0x000001f6df48c618: c5f8 77e8 

  0x000001f6df48c61c: ; ImmutableOopMap {rbp=Oop [32]=Oop [40]=Oop [56]=Oop [64]=NarrowOop [80]=Oop [88]=Oop [100]=NarrowOop }
                      ;*if_icmpeq {reexecute=1 rethrow=0 return_oop=0}
                      ; - (reexecute) java.lang.AbstractStringBuilder::inflateIfNeededFor@14 (line 1733)
                      ; - java.lang.AbstractStringBuilder::putStringAt@2 (line 1750)
                      ; - java.lang.AbstractStringBuilder::append@30 (line 588)
                      ; - java.lang.StringBuilder::append@2 (line 179)
                      ; - java.net.URLStreamHandler::toExternalForm@77 (line 484)
                      ; - java.net.URL::toExternalForm@5 (line 1203)
                      ; - java.net.URL::toString@1 (line 1189)
                      ; - java.lang.ClassLoader::defineClassSourceLocation@22 (line 927)
                      ; - java.lang.ClassLoader::defineClass@12 (line 1026)
  0x000001f6df48c61c: e07f 53ff 

  0x000001f6df48c620: ;   {other}
  0x000001f6df48c620: 0f1f 8400 | 103b 0054 | ba45 ffff | ff4c 8b54 | 2428 4c89 | 5424 204c | 8b54 2448 | 4c89 5424 
  0x000001f6df48c640: 2889 5c24 | 4866 6690 

  0x000001f6df48c648: ;   {runtime_call UncommonTrapBlob}
  0x000001f6df48c648: c5f8 77e8 

  0x000001f6df48c64c: ; ImmutableOopMap {rbp=NarrowOop [32]=Oop [40]=Oop [48]=Oop [64]=Oop [72]=NarrowOop [120]=Oop }
                      ;*ifnull {reexecute=1 rethrow=0 return_oop=0}
                      ; - (reexecute) java.net.URLStreamHandler::toExternalForm@86 (line 485)
                      ; - java.net.URL::toExternalForm@5 (line 1203)
                      ; - java.net.URL::toString@1 (line 1189)
                      ; - java.lang.ClassLoader::defineClassSourceLocation@22 (line 927)
                      ; - java.lang.ClassLoader::defineClass@12 (line 1026)
  0x000001f6df48c64c: b07f 53ff 

  0x000001f6df48c650: ;   {other}
  0x000001f6df48c650: 0f1f 8400 | 403b 0055 | ba45 ffff | ff48 8b6c | 2428 4c8b | 5c24 484c | 895c 2420 | 4c8b 5c24 
  0x000001f6df48c670: 304c 895c | 2428 448b | 4c24 3844 | 894c 2430 | 448b 5c24 | 3c44 895c | 2434 4c8b | 5c24 404c 
  0x000001f6df48c690: 895c 2438 | 895c 2440 | 4c8b 5c24 | 784c 895c | 2450 4c89 | 5c24 5844 | 8954 2444 | 4489 4424 
  0x000001f6df48c6b0: 6866 6690 

  0x000001f6df48c6b4: ;   {runtime_call UncommonTrapBlob}
  0x000001f6df48c6b4: c5f8 77e8 

  0x000001f6df48c6b8: ; ImmutableOopMap {rbp=Oop [32]=Oop [40]=Oop [56]=Oop [64]=NarrowOop [80]=Oop [88]=Oop }
                      ;*if_icmpeq {reexecute=1 rethrow=0 return_oop=0}
                      ; - (reexecute) java.lang.AbstractStringBuilder::inflateIfNeededFor@14 (line 1733)
                      ; - java.lang.AbstractStringBuilder::putStringAt@2 (line 1750)
                      ; - java.lang.AbstractStringBuilder::append@30 (line 588)
                      ; - java.lang.StringBuilder::append@2 (line 179)
                      ; - java.net.URLStreamHandler::toExternalForm@113 (line 485)
                      ; - java.net.URL::toExternalForm@5 (line 1203)
                      ; - java.net.URL::toString@1 (line 1189)
                      ; - java.lang.ClassLoader::defineClassSourceLocation@22 (line 927)
                      ; - java.lang.ClassLoader::defineClass@12 (line 1026)
  0x000001f6df48c6b8: 447f 53ff 

  0x000001f6df48c6bc: ;   {other}
  0x000001f6df48c6bc: 0f1f 8400 | ac3b 0056 | ba45 ffff | ff4c 8b54 | 2428 4c89 | 5424 204c | 8b54 2448 | 4c89 5424 
  0x000001f6df48c6dc: 2866 6690 

  0x000001f6df48c6e0: ;   {runtime_call UncommonTrapBlob}
  0x000001f6df48c6e0: c5f8 77e8 

  0x000001f6df48c6e4: ; ImmutableOopMap {rbp=NarrowOop [32]=Oop [40]=Oop [48]=Oop [64]=Oop [120]=Oop }
                      ;*ifnull {reexecute=1 rethrow=0 return_oop=0}
                      ; - (reexecute) java.net.URLStreamHandler::toExternalForm@122 (line 486)
                      ; - java.net.URL::toExternalForm@5 (line 1203)
                      ; - java.net.URL::toString@1 (line 1189)
                      ; - java.lang.ClassLoader::defineClassSourceLocation@22 (line 927)
                      ; - java.lang.ClassLoader::defineClass@12 (line 1026)
  0x000001f6df48c6e4: 187f 53ff 

  0x000001f6df48c6e8: ;   {other}
  0x000001f6df48c6e8: 0f1f 8400 | d83b 0057 | ba45 ffff | ff4c 8b54 | 2428 4c89 | 5424 204c | 8b54 2448 | 4c89 5424 
  0x000001f6df48c708: 284c 8b54 | 2478 4c89 | 5424 504c | 8954 2458 | 4489 4424 | 6066 6690 

  0x000001f6df48c720: ;   {runtime_call UncommonTrapBlob}
  0x000001f6df48c720: c5f8 77e8 

  0x000001f6df48c724: ; ImmutableOopMap {[32]=Oop [40]=Oop [48]=Oop [64]=Oop [80]=Oop [88]=Oop }
                      ;*if_icmpeq {reexecute=1 rethrow=0 return_oop=0}
                      ; - (reexecute) java.lang.AbstractStringBuilder::inflateIfNeededFor@14 (line 1733)
                      ; - java.lang.AbstractStringBuilder::putStringAt@2 (line 1750)
                      ; - java.lang.AbstractStringBuilder::append@30 (line 588)
                      ; - java.lang.StringBuilder::append@2 (line 179)
                      ; - java.net.URLStreamHandler::toExternalForm@149 (line 486)
                      ; - java.net.URL::toExternalForm@5 (line 1203)
                      ; - java.net.URL::toString@1 (line 1189)
                      ; - java.lang.ClassLoader::defineClassSourceLocation@22 (line 927)
                      ; - java.lang.ClassLoader::defineClass@12 (line 1026)
  0x000001f6df48c724: d87e 53ff 

  0x000001f6df48c728: ;   {other}
  0x000001f6df48c728: 0f1f 8400 | 183c 0058 | ba45 ffff | ff4c 8b54 | 2428 4c89 | 5424 2090 

  0x000001f6df48c740: ;   {runtime_call UncommonTrapBlob}
  0x000001f6df48c740: c5f8 77e8 

  0x000001f6df48c744: ; ImmutableOopMap {[32]=Oop [48]=Oop [64]=Oop [72]=Oop }
                      ;*ifne {reexecute=1 rethrow=0 return_oop=0}
                      ; - (reexecute) java.lang.ClassLoader::compareCerts@7 (line 1186)
                      ; - java.lang.ClassLoader::checkCerts@80 (line 1172)
                      ; - java.lang.ClassLoader::preDefineClass@113 (line 917)
                      ; - java.lang.ClassLoader::defineClass@4 (line 1025)
  0x000001f6df48c744: b87e 53ff 

  0x000001f6df48c748: ;   {other}
  0x000001f6df48c748: 0f1f 8400 | 383c 0059 | bade ffff | ff66 6690 

  0x000001f6df48c758: ;   {runtime_call UncommonTrapBlob}
  0x000001f6df48c758: c5f8 77e8 

  0x000001f6df48c75c: ; ImmutableOopMap {rbp=NarrowOop }
                      ;*checkcast {reexecute=0 rethrow=0 return_oop=0}
                      ; - java.lang.ClassLoader::getNamedPackage@8 (line 341)
                      ; - java.lang.ClassLoader::postDefineClass@9 (line 934)
                      ; - java.lang.ClassLoader::defineClass@37 (line 1028)
  0x000001f6df48c75c: a07e 53ff 

  0x000001f6df48c760: ;   {other}
  0x000001f6df48c760: 0f1f 8400 | 503c 005a | ba45 ffff | ff48 8b6c | 2428 4c8b | 5424 484c | 8954 2420 | 4c8b 5424 
  0x000001f6df48c780: 304c 8954 | 2428 448b | 5c24 3844 | 895c 2430 | 448b 5424 | 3c44 8954 | 2434 4c8b | 5424 404c 
  0x000001f6df48c7a0: 8954 2438 | 4889 4424 | 4844 8944 | 2450 4489 | 4c24 5844 | 894c 245c 

  0x000001f6df48c7b8: ;   {runtime_call UncommonTrapBlob}
  0x000001f6df48c7b8: c5f8 77e8 

  0x000001f6df48c7bc: ; ImmutableOopMap {rbp=Oop [32]=Oop [40]=Oop [56]=Oop [72]=Oop [80]=NarrowOop }
                      ;*if_icmpge {reexecute=1 rethrow=0 return_oop=0}
                      ; - (reexecute) java.util.Arrays::checkLength@2 (line 3820)
                      ; - java.util.Arrays::copyOfRangeByte@2 (line 3861)
                      ; - java.util.Arrays::copyOfRange@13 (line 3854)
                      ; - java.lang.String::<init>@32 (line 4788)
                      ; - java.lang.String::<init>@3 (line 1507)
                      ; - java.lang.StringBuilder::toString@5 (line 475)
                      ; - java.net.URLStreamHandler::toExternalForm@152 (line 486)
                      ; - java.net.URL::toExternalForm@5 (line 1203)
                      ; - java.net.URL::toString@1 (line 1189)
                      ; - java.lang.ClassLoader::defineClassSourceLocation@22 (line 927)
                      ; - java.lang.ClassLoader::defineClass@12 (line 1026)
  0x000001f6df48c7bc: 407e 53ff 

  0x000001f6df48c7c0: ;   {other}
  0x000001f6df48c7c0: 0f1f 8400 | b03c 005b | 498b d7c5 | f877 49ba | c0e2 1f4d | fd7f 0000 

  0x000001f6df48c7d8: ;   {other}
  0x000001f6df48c7d8: 41ff d20f | 1f84 0000 | 0000 00e9 | 0fcd ffff | 498b d7c5 | f877 49ba | c0e2 1f4d | fd7f 0000 
  0x000001f6df48c7f8: ;   {other}
  0x000001f6df48c7f8: 41ff d20f | 1f84 0000 | 0000 00e9 | b2da ffff | 498b d7c5 | f877 49ba | c0e2 1f4d | fd7f 0000 
  0x000001f6df48c818: ;   {other}
  0x000001f6df48c818: 41ff d20f | 1f84 0000 | 0000 00e9 | e3da ffff | 4d63 c8e9 | c5d6 ffff | 4983 c1fe | 498b c949 
  0x000001f6df48c838: 8bfb 4833 | c048 83f9 | 087f 1048 | ffc9 784f | 4889 04cf | 48ff c97d | f7eb 44c5 | fdef c0e9 
  0x000001f6df48c858: 0d00 0000 | c5fe 7f07 | c5fe 7f47 | 2048 83c7 | 4048 83e9 | 087d ed48 | 83c1 047c | 0cc5 fe7f 
  0x000001f6df48c878: 0748 83c7 | 2048 83e9 | 0448 83c1 | 047e 1048 | ffc9 c5f9 | d607 4883 | c708 48ff | c97d f3e9 
  0x000001f6df48c898: 36d7 ffff | bacc ffff | ff4c 8b54 | 2440 4c89 | 5424 3848 | 895c 2450 | 4489 5c24 | 5844 8944 
  0x000001f6df48c8b8: 2460 6690 

  0x000001f6df48c8bc: ;   {runtime_call UncommonTrapBlob}
  0x000001f6df48c8bc: c5f8 77e8 

  0x000001f6df48c8c0: ; ImmutableOopMap {[40]=Oop [48]=Oop [56]=Oop [80]=Oop [88]=NarrowOop }
                      ;*newarray {reexecute=1 rethrow=0 return_oop=0}
                      ; - (reexecute) java.util.Arrays::copyOfRangeByte@10 (line 3863)
                      ; - java.util.Arrays::copyOfRange@13 (line 3854)
                      ; - java.lang.StringLatin1::newString@16 (line 752)
                      ; - java.lang.String::substring@41 (line 2839)
                      ; - java.lang.Class::getPackageName@62 (line 1169)
                      ; - java.lang.ClassLoader::postDefineClass@2 (line 934)
                      ; - java.lang.ClassLoader::defineClass@37 (line 1028)
  0x000001f6df48c8c0: 3c7d 53ff 

  0x000001f6df48c8c4: ;   {other}
  0x000001f6df48c8c4: 0f1f 8400 | b43d 005c | 85c9 448b | 9424 9000 | 0000 410f | 94c2 458b | daba 45ff | ffff 488b 
  0x000001f6df48c8e4: 6c24 304c | 8b54 2440 | 4c89 5424 | 384c 894c | 2450 8944 | 2458 4489 | 5c24 5c90 

  0x000001f6df48c900: ;   {runtime_call UncommonTrapBlob}
  0x000001f6df48c900: c5f8 77e8 

  0x000001f6df48c904: ; ImmutableOopMap {rbp=Oop [40]=Oop [56]=Oop [80]=Oop }
                      ;*ifeq {reexecute=1 rethrow=0 return_oop=0}
                      ; - (reexecute) java.lang.String::lastIndexOf@4 (line 2573)
                      ; - java.lang.String::lastIndexOf@8 (line 2535)
                      ; - java.lang.Class::getPackageName@47 (line 1168)
                      ; - java.lang.ClassLoader::postDefineClass@2 (line 934)
                      ; - java.lang.ClassLoader::defineClass@37 (line 1028)
  0x000001f6df48c904: f87c 53ff 

  0x000001f6df48c908: ;   {other}
  0x000001f6df48c908: 0f1f 8400 | f83d 005d | ba45 ffff | ff48 8b6c | 2430 4c8b | 5424 404c | 8954 2438 | 4c89 4c24 
  0x000001f6df48c928: 4844 8944 | 2458 895c | 245c 4489 | 4424 6090 

  0x000001f6df48c938: ;   {runtime_call UncommonTrapBlob}
  0x000001f6df48c938: c5f8 77e8 

  0x000001f6df48c93c: ; ImmutableOopMap {rbp=Oop [40]=Oop [56]=Oop [72]=Oop }
                      ;*if_icmpgt {reexecute=1 rethrow=0 return_oop=0}
                      ; - (reexecute) jdk.internal.util.Preconditions::checkFromToIndex@6 (line 348)
                      ; - java.lang.String::checkBoundsBeginEnd@6 (line 4865)
                      ; - java.lang.String::substring@8 (line 2834)
                      ; - java.lang.Class::getPackageName@62 (line 1169)
                      ; - java.lang.ClassLoader::postDefineClass@2 (line 934)
                      ; - java.lang.ClassLoader::defineClass@37 (line 1028)
  0x000001f6df48c93c: c07c 53ff 

  0x000001f6df48c940: ;   {other}
  0x000001f6df48c940: 0f1f 8400 | 303e 005e | 498b d7c5 | f877 49ba | c0e2 1f4d | fd7f 0000 

  0x000001f6df48c958: ;   {other}
  0x000001f6df48c958: 41ff d20f | 1f84 0000 | 0000 00e9 | d2d6 ffff | ba45 ffff | ff48 8b6c | 2430 4c8b | 5424 404c 
  0x000001f6df48c978: 8954 2438 | 4489 4424 | 4866 6690 

  0x000001f6df48c984: ;   {runtime_call UncommonTrapBlob}
  0x000001f6df48c984: c5f8 77e8 

  0x000001f6df48c988: ; ImmutableOopMap {rbp=Oop [40]=Oop [56]=Oop }
                      ;*if_icmpeq {reexecute=1 rethrow=0 return_oop=0}
                      ; - (reexecute) java.lang.Class::getPackageName@55 (line 1169)
                      ; - java.lang.ClassLoader::postDefineClass@2 (line 934)
                      ; - java.lang.ClassLoader::defineClass@37 (line 1028)
  0x000001f6df48c988: 747c 53ff 

  0x000001f6df48c98c: ;   {other}
  0x000001f6df48c98c: 0f1f 8400 | 7c3e 005f | ba45 ffff | ff48 8b6c | 2430 4c8b | 5424 404c | 8954 2438 | 4c89 4c24 
  0x000001f6df48c9ac: 4844 8944 | 2458 895c | 245c 4489 | 4424 6089 | 5c24 6490 

  0x000001f6df48c9c0: ;   {runtime_call UncommonTrapBlob}
  0x000001f6df48c9c0: c5f8 77e8 

  0x000001f6df48c9c4: ; ImmutableOopMap {rbp=Oop [40]=Oop [56]=Oop [72]=Oop }
                      ;*if_icmple {reexecute=1 rethrow=0 return_oop=0}
                      ; - (reexecute) jdk.internal.util.Preconditions::checkFromToIndex@11 (line 348)
                      ; - java.lang.String::checkBoundsBeginEnd@6 (line 4865)
                      ; - java.lang.String::substring@8 (line 2834)
                      ; - java.lang.Class::getPackageName@62 (line 1169)
                      ; - java.lang.ClassLoader::postDefineClass@2 (line 934)
                      ; - java.lang.ClassLoader::defineClass@37 (line 1028)
  0x000001f6df48c9c4: 387c 53ff 

  0x000001f6df48c9c8: ;   {other}
  0x000001f6df48c9c8: 0f1f 8400 | b83e 0060 | ba45 ffff | ff44 895c | 2438 6690 

  0x000001f6df48c9dc: ;   {runtime_call UncommonTrapBlob}
  0x000001f6df48c9dc: c5f8 77e8 

  0x000001f6df48c9e0: ; ImmutableOopMap {rbp=NarrowOop [40]=Oop [48]=Oop [56]=NarrowOop }
                      ;*ifnull {reexecute=1 rethrow=0 return_oop=0}
                      ; - (reexecute) java.security.CodeSource::getCertificates@4 (line 204)
                      ; - java.lang.ClassLoader::postDefineClass@24 (line 937)
                      ; - java.lang.ClassLoader::defineClass@37 (line 1028)
  0x000001f6df48c9e0: 1c7c 53ff 

  0x000001f6df48c9e4: ;   {other}
  0x000001f6df48c9e4: 0f1f 8400 | d43e 0061 | ba45 ffff | ff44 895c | 2438 6690 

  0x000001f6df48c9f8: ;   {runtime_call UncommonTrapBlob}
  0x000001f6df48c9f8: c5f8 77e8 

  0x000001f6df48c9fc: ; ImmutableOopMap {rbp=NarrowOop [40]=Oop [48]=Oop [56]=NarrowOop }
                      ;*ifnull {reexecute=1 rethrow=0 return_oop=0}
                      ; - (reexecute) java.security.CodeSource::getCertificates@22 (line 207)
                      ; - java.lang.ClassLoader::postDefineClass@24 (line 937)
                      ; - java.lang.ClassLoader::defineClass@37 (line 1028)
  0x000001f6df48c9fc: 007c 53ff 

  0x000001f6df48ca00: ;   {other}
  0x000001f6df48ca00: 0f1f 8400 | f03e 0062 | 498b d7c5 | f877 49ba | c0e2 1f4d | fd7f 0000 

  0x000001f6df48ca18: ;   {other}
  0x000001f6df48ca18: 41ff d20f | 1f84 0000 | 0000 00e9 | b5d5 ffff | 4c8b 5424 | 5845 8b5a | 1445 85db | 0f84 a5e7 
  0x000001f6df48ca38: ffff 4d8b | 5728 498b | cb48 c1e1 | 034d 85d2 | 0f84 2602 | 0000 4d8b | 5f38 4b89 | 4c13 f849 
  0x000001f6df48ca58: 83c2 f84d | 8957 2890 | e97a e7ff | ff4d 8b57 | 584d 8b5f | 48f0 8344 | 24c0 0080 | 3900 0f84 
  0x000001f6df48ca78: aae7 ffff | 4488 2190 | 4d85 db75 | 2049 8bd7 | c5f8 7749 | baa0 e21f | 4dfd 7f00 | 0041 ffd2 
  0x000001f6df48ca98: ;   {other}
  0x000001f6df48ca98: 0f1f 8400 | 0000 0000 | e981 e7ff | ff4b 894c | 1af8 4983 | c3f8 4d89 | 5f48 e96f | e7ff ffba 
  0x000001f6df48cab8: 45ff ffff | 4c8b 4c24 | 404c 894c | 2438 4489 | 4424 504c | 895c 2458 | 895c 2454 | 4489 5424 
  0x000001f6df48cad8: 6066 6690 

  0x000001f6df48cadc: ;   {runtime_call UncommonTrapBlob}
  0x000001f6df48cadc: c5f8 77e8 

  0x000001f6df48cae0: ; ImmutableOopMap {rbp=NarrowOop [40]=Oop [48]=Oop [56]=Oop [80]=NarrowOop [84]=NarrowOop [88]=Oop }
                      ;*ifnull {reexecute=1 rethrow=0 return_oop=0}
                      ; - (reexecute) java.util.concurrent.ConcurrentHashMap::get@67 (line 940)
                      ; - java.lang.ClassLoader::getNamedPackage@5 (line 341)
                      ; - java.lang.ClassLoader::postDefineClass@9 (line 934)
                      ; - java.lang.ClassLoader::defineClass@37 (line 1028)
  0x000001f6df48cae0: 1c7b 53ff 

  0x000001f6df48cae4: ;   {other}
  0x000001f6df48cae4: 0f1f 8400 | d43f 0063 | 4c8b 5424 | 5845 8b5a | 1445 85db | 0f84 8df0 | ffff 4d8b | 5728 498b 
  0x000001f6df48cb04: cb48 c1e1 | 034d 85d2 | 0f84 8201 | 0000 4d8b | 5f38 4b89 | 4c13 f849 | 83c2 f84d | 8957 28e9 
  0x000001f6df48cb24: 63f0 ffff | ba45 ffff | ff4c 8b4c | 2440 4c89 | 4c24 3844 | 8944 2450 | 4c89 5c24 | 5848 897c 
  0x000001f6df48cb44: 2460 4489 | 5424 5490 

  0x000001f6df48cb4c: ;   {runtime_call UncommonTrapBlob}
  0x000001f6df48cb4c: c5f8 77e8 

  0x000001f6df48cb50: ; ImmutableOopMap {rbp=NarrowOop [40]=Oop [48]=Oop [56]=Oop [80]=NarrowOop [88]=Oop [96]=Oop }
                      ;*ifnull {reexecute=1 rethrow=0 return_oop=0}
                      ; - (reexecute) java.util.concurrent.ConcurrentHashMap::get@143 (line 946)
                      ; - java.lang.ClassLoader::getNamedPackage@5 (line 341)
                      ; - java.lang.ClassLoader::postDefineClass@9 (line 934)
                      ; - java.lang.ClassLoader::defineClass@37 (line 1028)
  0x000001f6df48cb50: ac7a 53ff 

  0x000001f6df48cb54: ;   {other}
  0x000001f6df48cb54: 0f1f 8400 | 4440 0064 | 498b d7c5 | f877 49ba | c0e2 1f4d | fd7f 0000 

  0x000001f6df48cb6c: ;   {other}
  0x000001f6df48cb6c: 41ff d20f | 1f84 0000 | 0000 00e9 | 5ada ffff | 498b d7c5 | f877 49ba | c0e2 1f4d | fd7f 0000 
  0x000001f6df48cb8c: ;   {other}
  0x000001f6df48cb8c: 41ff d20f | 1f84 0000 | 0000 00e9 | 16db ffff | 498b d7c5 | f877 49ba | c0e2 1f4d | fd7f 0000 
  0x000001f6df48cbac: ;   {other}
  0x000001f6df48cbac: 41ff d20f | 1f84 0000 | 0000 00e9 | badb ffff | 498b d7c5 | f877 49ba | c0e2 1f4d | fd7f 0000 
  0x000001f6df48cbcc: ;   {other}
  0x000001f6df48cbcc: 41ff d20f | 1f84 0000 | 0000 00e9 | 72dc ffff | 498b d7c5 | f877 49ba | c0e2 1f4d | fd7f 0000 
  0x000001f6df48cbec: ;   {other}
  0x000001f6df48cbec: 41ff d20f | 1f84 0000 | 0000 00e9 | 3add ffff | 498b d7c5 | f877 49ba | c0e2 1f4d | fd7f 0000 
  0x000001f6df48cc0c: ;   {other}
  0x000001f6df48cc0c: 41ff d20f | 1f84 0000 | 0000 00e9 | efdd ffff | ba45 ffff | ff4c 8b54 | 2448 4c89 | 5424 4048 
  0x000001f6df48cc2c: 895c 2448 

  0x000001f6df48cc30: ;   {runtime_call UncommonTrapBlob}
  0x000001f6df48cc30: c5f8 77e8 

  0x000001f6df48cc34: ; ImmutableOopMap {[40]=Oop [48]=Oop [64]=Oop [72]=Oop }
                      ;*if_acmpeq {reexecute=1 rethrow=0 return_oop=0}
                      ; - (reexecute) java.lang.ClassLoader::preDefineClass@53 (line 907)
                      ; - java.lang.ClassLoader::defineClass@4 (line 1025)
  0x000001f6df48cc34: c879 53ff 

  0x000001f6df48cc38: ;   {other}
  0x000001f6df48cc38: 0f1f 8400 | 2841 0065 | bade ffff | ff4c 8b4c | 2440 4c89 | 4c24 3844 | 8944 2448 | 895c 244c 
  0x000001f6df48cc58: 4489 5424 | 504c 895c | 2458 6690 

  0x000001f6df48cc64: ;   {runtime_call UncommonTrapBlob}
  0x000001f6df48cc64: c5f8 77e8 

  0x000001f6df48cc68: ; ImmutableOopMap {[40]=Oop [48]=Oop [56]=Oop [72]=NarrowOop [76]=NarrowOop [88]=Oop }
                      ;*invokevirtual find {reexecute=0 rethrow=0 return_oop=0}
                      ; - java.util.concurrent.ConcurrentHashMap::get@93 (line 944)
                      ; - java.lang.ClassLoader::getNamedPackage@5 (line 341)
                      ; - java.lang.ClassLoader::postDefineClass@9 (line 934)
                      ; - java.lang.ClassLoader::defineClass@37 (line 1028)
  0x000001f6df48cc68: 9479 53ff 

  0x000001f6df48cc6c: ;   {other}
  0x000001f6df48cc6c: 0f1f 8400 | 5c41 0066 | 498b d7c5 | f877 49ba | c0e2 1f4d | fd7f 0000 

  0x000001f6df48cc84: ;   {other}
  0x000001f6df48cc84: 41ff d20f | 1f84 0000 | 0000 00e9 | 4be5 ffff | 498b d7c5 | f877 49ba | c0e2 1f4d | fd7f 0000 
  0x000001f6df48cca4: ;   {other}
  0x000001f6df48cca4: 41ff d20f | 1f84 0000 | 0000 00e9 | d7ee ffff | bade ffff | ff48 8b6c | 2428 4c8b | 5424 304c 
  0x000001f6df48ccc4: 8954 2428 | 448b 5424 | 3844 8954 | 2430 448b | 5c24 3c44 | 895c 2434 | 4c8b 5424 | 404c 8954 
  0x000001f6df48cce4: 2438 4c8b | 5424 504c | 8954 2440 | 4889 4424 | 5066 6690 

  0x000001f6df48ccf8: ;   {runtime_call UncommonTrapBlob}
  0x000001f6df48ccf8: c5f8 77e8 

  0x000001f6df48ccfc: ; ImmutableOopMap {rbp=Oop [40]=Oop [56]=Oop [64]=Oop [72]=Oop [80]=Oop }
                      ;*checkcast {reexecute=0 rethrow=0 return_oop=0}
                      ; - java.lang.ClassLoader::checkCerts@65 (line 1171)
                      ; - java.lang.ClassLoader::preDefineClass@113 (line 917)
                      ; - java.lang.ClassLoader::defineClass@4 (line 1025)
  0x000001f6df48ccfc: 0079 53ff 

  0x000001f6df48cd00: ;   {other}
  0x000001f6df48cd00: 0f1f 8400 | f041 0067 | baf6 ffff | ff66 6690 

  0x000001f6df48cd10: ;   {runtime_call UncommonTrapBlob}
  0x000001f6df48cd10: c5f8 77e8 

  0x000001f6df48cd14: ; ImmutableOopMap {}
                      ;*arraylength {reexecute=0 rethrow=0 return_oop=0}
                      ; - java.lang.String::isEmpty@4 (line 1532)
                      ; - java.lang.ClassLoader::checkName@5 (line 1155)
                      ; - java.lang.ClassLoader::preDefineClass@1 (line 900)
                      ; - java.lang.ClassLoader::defineClass@4 (line 1025)
  0x000001f6df48cd14: e878 53ff 

  0x000001f6df48cd18: ;   {other}
  0x000001f6df48cd18: 0f1f 8400 | 0842 0068 | baf6 ffff | ff66 6690 

  0x000001f6df48cd28: ;   {runtime_call UncommonTrapBlob}
  0x000001f6df48cd28: c5f8 77e8 

  0x000001f6df48cd2c: ; ImmutableOopMap {}
                      ;*arraylength {reexecute=0 rethrow=0 return_oop=0}
                      ; - java.lang.String::length@4 (line 1519)
                      ; - java.lang.AbstractStringBuilder::append@10 (line 586)
                      ; - java.lang.StringBuilder::append@2 (line 179)
                      ; - java.net.URLStreamHandler::toExternalForm@11 (line 480)
                      ; - java.net.URL::toExternalForm@5 (line 1203)
                      ; - java.net.URL::toString@1 (line 1189)
                      ; - java.lang.ClassLoader::defineClassSourceLocation@22 (line 927)
                      ; - java.lang.ClassLoader::defineClass@12 (line 1026)
  0x000001f6df48cd2c: d078 53ff 

  0x000001f6df48cd30: ;   {other}
  0x000001f6df48cd30: 0f1f 8400 | 2042 0069 | baf6 ffff | ff66 6690 

  0x000001f6df48cd40: ;   {runtime_call UncommonTrapBlob}
  0x000001f6df48cd40: c5f8 77e8 

  0x000001f6df48cd44: ; ImmutableOopMap {}
                      ;*arraylength {reexecute=0 rethrow=0 return_oop=0}
                      ; - java.lang.AbstractStringBuilder::ensureCapacityInternal@4 (line 240)
                      ; - java.lang.AbstractStringBuilder::append@21 (line 587)
                      ; - java.lang.StringBuilder::append@2 (line 179)
                      ; - java.net.URLStreamHandler::toExternalForm@11 (line 480)
                      ; - java.net.URL::toExternalForm@5 (line 1203)
                      ; - java.net.URL::toString@1 (line 1189)
                      ; - java.lang.ClassLoader::defineClassSourceLocation@22 (line 927)
                      ; - java.lang.ClassLoader::defineClass@12 (line 1026)
  0x000001f6df48cd44: b878 53ff 

  0x000001f6df48cd48: ;   {other}
  0x000001f6df48cd48: 0f1f 8400 | 3842 006a | baf6 ffff | ff66 6690 

  0x000001f6df48cd58: ;   {runtime_call UncommonTrapBlob}
  0x000001f6df48cd58: c5f8 77e8 

  0x000001f6df48cd5c: ; ImmutableOopMap {}
                      ;*arraylength {reexecute=0 rethrow=0 return_oop=0}
                      ; - java.lang.String::getBytes@21 (line 4726)
                      ; - java.lang.AbstractStringBuilder::putStringAt@15 (line 1751)
                      ; - java.lang.AbstractStringBuilder::append@30 (line 588)
                      ; - java.lang.StringBuilder::append@2 (line 179)
                      ; - java.net.URLStreamHandler::toExternalForm@11 (line 480)
                      ; - java.net.URL::toExternalForm@5 (line 1203)
                      ; - java.net.URL::toString@1 (line 1189)
                      ; - java.lang.ClassLoader::defineClassSourceLocation@22 (line 927)
                      ; - java.lang.ClassLoader::defineClass@12 (line 1026)
  0x000001f6df48cd5c: a078 53ff 

  0x000001f6df48cd60: ;   {other}
  0x000001f6df48cd60: 0f1f 8400 | 5042 006b | baf6 ffff | ff89 4c24 | 2044 8954 | 2424 6690 

  0x000001f6df48cd78: ;   {runtime_call UncommonTrapBlob}
  0x000001f6df48cd78: c5f8 77e8 

  0x000001f6df48cd7c: ; ImmutableOopMap {[32]=NarrowOop }
                      ;*invokestatic arraycopy {reexecute=0 rethrow=0 return_oop=0}
                      ; - java.lang.String::getBytes@22 (line 4726)
                      ; - java.lang.AbstractStringBuilder::putStringAt@15 (line 1751)
                      ; - java.lang.AbstractStringBuilder::append@30 (line 588)
                      ; - java.lang.StringBuilder::append@2 (line 179)
                      ; - java.net.URLStreamHandler::toExternalForm@11 (line 480)
                      ; - java.net.URL::toExternalForm@5 (line 1203)
                      ; - java.net.URL::toString@1 (line 1189)
                      ; - java.lang.ClassLoader::defineClassSourceLocation@22 (line 927)
                      ; - java.lang.ClassLoader::defineClass@12 (line 1026)
  0x000001f6df48cd7c: 8078 53ff 

  0x000001f6df48cd80: ;   {other}
  0x000001f6df48cd80: 0f1f 8400 | 7042 006c | baf6 ffff | ff66 6690 

  0x000001f6df48cd90: ;   {runtime_call UncommonTrapBlob}
  0x000001f6df48cd90: c5f8 77e8 

  0x000001f6df48cd94: ; ImmutableOopMap {}
                      ;*arraylength {reexecute=0 rethrow=0 return_oop=0}
                      ; - java.lang.AbstractStringBuilder::ensureCapacityInternal@4 (line 240)
                      ; - java.lang.AbstractStringBuilder::append@7 (line 806)
                      ; - java.lang.StringBuilder::append@2 (line 246)
                      ; - java.net.URLStreamHandler::toExternalForm@16 (line 480)
                      ; - java.net.URL::toExternalForm@5 (line 1203)
                      ; - java.net.URL::toString@1 (line 1189)
                      ; - java.lang.ClassLoader::defineClassSourceLocation@22 (line 927)
                      ; - java.lang.ClassLoader::defineClass@12 (line 1026)
  0x000001f6df48cd94: 6878 53ff 

  0x000001f6df48cd98: ;   {other}
  0x000001f6df48cd98: 0f1f 8400 | 8842 006d | baf6 ffff | ff66 6690 

  0x000001f6df48cda8: ;   {runtime_call UncommonTrapBlob}
  0x000001f6df48cda8: c5f8 77e8 

  0x000001f6df48cdac: ; ImmutableOopMap {}
                      ;*arraylength {reexecute=0 rethrow=0 return_oop=0}
                      ; - java.lang.AbstractStringBuilder::ensureCapacityInternal@4 (line 240)
                      ; - java.lang.AbstractStringBuilder::append@21 (line 587)
                      ; - java.lang.StringBuilder::append@2 (line 179)
                      ; - java.net.URLStreamHandler::toExternalForm@59 (line 483)
                      ; - java.net.URL::toExternalForm@5 (line 1203)
                      ; - java.net.URL::toString@1 (line 1189)
                      ; - java.lang.ClassLoader::defineClassSourceLocation@22 (line 927)
                      ; - java.lang.ClassLoader::defineClass@12 (line 1026)
  0x000001f6df48cdac: 5078 53ff 

  0x000001f6df48cdb0: ;   {other}
  0x000001f6df48cdb0: 0f1f 8400 | a042 006e | baf6 ffff | ff41 8beb 

  0x000001f6df48cdc0: ;   {runtime_call UncommonTrapBlob}
  0x000001f6df48cdc0: c5f8 77e8 

  0x000001f6df48cdc4: ; ImmutableOopMap {}
                      ;*invokestatic arraycopy {reexecute=0 rethrow=0 return_oop=0}
                      ; - java.lang.String::getBytes@22 (line 4726)
                      ; - java.lang.AbstractStringBuilder::putStringAt@15 (line 1751)
                      ; - java.lang.AbstractStringBuilder::append@30 (line 588)
                      ; - java.lang.StringBuilder::append@2 (line 179)
                      ; - java.net.URLStreamHandler::toExternalForm@59 (line 483)
                      ; - java.net.URL::toExternalForm@5 (line 1203)
                      ; - java.net.URL::toString@1 (line 1189)
                      ; - java.lang.ClassLoader::defineClassSourceLocation@22 (line 927)
                      ; - java.lang.ClassLoader::defineClass@12 (line 1026)
  0x000001f6df48cdc4: 3878 53ff 

  0x000001f6df48cdc8: ;   {other}
  0x000001f6df48cdc8: 0f1f 8400 | b842 006f | baf6 ffff | ff66 6690 

  0x000001f6df48cdd8: ;   {runtime_call UncommonTrapBlob}
  0x000001f6df48cdd8: c5f8 77e8 

  0x000001f6df48cddc: ; ImmutableOopMap {}
                      ;*arraylength {reexecute=0 rethrow=0 return_oop=0}
                      ; - java.lang.String::length@4 (line 1519)
                      ; - java.lang.AbstractStringBuilder::append@10 (line 586)
                      ; - java.lang.StringBuilder::append@2 (line 179)
                      ; - java.net.URLStreamHandler::toExternalForm@77 (line 484)
                      ; - java.net.URL::toExternalForm@5 (line 1203)
                      ; - java.net.URL::toString@1 (line 1189)
                      ; - java.lang.ClassLoader::defineClassSourceLocation@22 (line 927)
                      ; - java.lang.ClassLoader::defineClass@12 (line 1026)
  0x000001f6df48cddc: 2078 53ff 

  0x000001f6df48cde0: ;   {other}
  0x000001f6df48cde0: 0f1f 8400 | d042 0070 | baf6 ffff | ff66 6690 

  0x000001f6df48cdf0: ;   {runtime_call UncommonTrapBlob}
  0x000001f6df48cdf0: c5f8 77e8 

  0x000001f6df48cdf4: ; ImmutableOopMap {}
                      ;*arraylength {reexecute=0 rethrow=0 return_oop=0}
                      ; - java.lang.AbstractStringBuilder::ensureCapacityInternal@4 (line 240)
                      ; - java.lang.AbstractStringBuilder::append@21 (line 587)
                      ; - java.lang.StringBuilder::append@2 (line 179)
                      ; - java.net.URLStreamHandler::toExternalForm@77 (line 484)
                      ; - java.net.URL::toExternalForm@5 (line 1203)
                      ; - java.net.URL::toString@1 (line 1189)
                      ; - java.lang.ClassLoader::defineClassSourceLocation@22 (line 927)
                      ; - java.lang.ClassLoader::defineClass@12 (line 1026)
  0x000001f6df48cdf4: 0878 53ff 

  0x000001f6df48cdf8: ;   {other}
  0x000001f6df48cdf8: 0f1f 8400 | e842 0071 | baf6 ffff | ff66 6690 

  0x000001f6df48ce08: ;   {runtime_call UncommonTrapBlob}
  0x000001f6df48ce08: c5f8 77e8 

  0x000001f6df48ce0c: ; ImmutableOopMap {}
                      ;*arraylength {reexecute=0 rethrow=0 return_oop=0}
                      ; - java.lang.String::getBytes@21 (line 4726)
                      ; - java.lang.AbstractStringBuilder::putStringAt@15 (line 1751)
                      ; - java.lang.AbstractStringBuilder::append@30 (line 588)
                      ; - java.lang.StringBuilder::append@2 (line 179)
                      ; - java.net.URLStreamHandler::toExternalForm@77 (line 484)
                      ; - java.net.URL::toExternalForm@5 (line 1203)
                      ; - java.net.URL::toString@1 (line 1189)
                      ; - java.lang.ClassLoader::defineClassSourceLocation@22 (line 927)
                      ; - java.lang.ClassLoader::defineClass@12 (line 1026)
  0x000001f6df48ce0c: f077 53ff 

  0x000001f6df48ce10: ;   {other}
  0x000001f6df48ce10: 0f1f 8400 | 0043 0072 | baf6 ffff | ff44 8954 | 2420 4489 | 5c24 2490 

  0x000001f6df48ce28: ;   {runtime_call UncommonTrapBlob}
  0x000001f6df48ce28: c5f8 77e8 

  0x000001f6df48ce2c: ; ImmutableOopMap {[32]=NarrowOop }
                      ;*invokestatic arraycopy {reexecute=0 rethrow=0 return_oop=0}
                      ; - java.lang.String::getBytes@22 (line 4726)
                      ; - java.lang.AbstractStringBuilder::putStringAt@15 (line 1751)
                      ; - java.lang.AbstractStringBuilder::append@30 (line 588)
                      ; - java.lang.StringBuilder::append@2 (line 179)
                      ; - java.net.URLStreamHandler::toExternalForm@77 (line 484)
                      ; - java.net.URL::toExternalForm@5 (line 1203)
                      ; - java.net.URL::toString@1 (line 1189)
                      ; - java.lang.ClassLoader::defineClassSourceLocation@22 (line 927)
                      ; - java.lang.ClassLoader::defineClass@12 (line 1026)
  0x000001f6df48ce2c: d077 53ff 

  0x000001f6df48ce30: ;   {other}
  0x000001f6df48ce30: 0f1f 8400 | 2043 0073 | baf6 ffff | ff66 6690 

  0x000001f6df48ce40: ;   {runtime_call UncommonTrapBlob}
  0x000001f6df48ce40: c5f8 77e8 

  0x000001f6df48ce44: ; ImmutableOopMap {}
                      ;*arraylength {reexecute=0 rethrow=0 return_oop=0}
                      ; - java.lang.AbstractStringBuilder::ensureCapacityInternal@4 (line 240)
                      ; - java.lang.AbstractStringBuilder::append@21 (line 587)
                      ; - java.lang.StringBuilder::append@2 (line 179)
                      ; - java.net.URLStreamHandler::toExternalForm@113 (line 485)
                      ; - java.net.URL::toExternalForm@5 (line 1203)
                      ; - java.net.URL::toString@1 (line 1189)
                      ; - java.lang.ClassLoader::defineClassSourceLocation@22 (line 927)
                      ; - java.lang.ClassLoader::defineClass@12 (line 1026)
  0x000001f6df48ce44: b877 53ff 

  0x000001f6df48ce48: ;   {other}
  0x000001f6df48ce48: 0f1f 8400 | 3843 0074 | baf6 ffff | ff41 8bea 

  0x000001f6df48ce58: ;   {runtime_call UncommonTrapBlob}
  0x000001f6df48ce58: c5f8 77e8 

  0x000001f6df48ce5c: ; ImmutableOopMap {}
                      ;*invokestatic arraycopy {reexecute=0 rethrow=0 return_oop=0}
                      ; - java.lang.String::getBytes@22 (line 4726)
                      ; - java.lang.AbstractStringBuilder::putStringAt@15 (line 1751)
                      ; - java.lang.AbstractStringBuilder::append@30 (line 588)
                      ; - java.lang.StringBuilder::append@2 (line 179)
                      ; - java.net.URLStreamHandler::toExternalForm@113 (line 485)
                      ; - java.net.URL::toExternalForm@5 (line 1203)
                      ; - java.net.URL::toString@1 (line 1189)
                      ; - java.lang.ClassLoader::defineClassSourceLocation@22 (line 927)
                      ; - java.lang.ClassLoader::defineClass@12 (line 1026)
  0x000001f6df48ce5c: a077 53ff 

  0x000001f6df48ce60: ;   {other}
  0x000001f6df48ce60: 0f1f 8400 | 5043 0075 | baf6 ffff | ff66 6690 

  0x000001f6df48ce70: ;   {runtime_call UncommonTrapBlob}
  0x000001f6df48ce70: c5f8 77e8 

  0x000001f6df48ce74: ; ImmutableOopMap {}
                      ;*arraylength {reexecute=0 rethrow=0 return_oop=0}
                      ; - java.lang.AbstractStringBuilder::ensureCapacityInternal@4 (line 240)
                      ; - java.lang.AbstractStringBuilder::append@21 (line 587)
                      ; - java.lang.StringBuilder::append@2 (line 179)
                      ; - java.net.URLStreamHandler::toExternalForm@149 (line 486)
                      ; - java.net.URL::toExternalForm@5 (line 1203)
                      ; - java.net.URL::toString@1 (line 1189)
                      ; - java.lang.ClassLoader::defineClassSourceLocation@22 (line 927)
                      ; - java.lang.ClassLoader::defineClass@12 (line 1026)
  0x000001f6df48ce74: 8877 53ff 

  0x000001f6df48ce78: ;   {other}
  0x000001f6df48ce78: 0f1f 8400 | 6843 0076 | baf6 ffff | ff41 8be8 

  0x000001f6df48ce88: ;   {runtime_call UncommonTrapBlob}
  0x000001f6df48ce88: c5f8 77e8 

  0x000001f6df48ce8c: ; ImmutableOopMap {}
                      ;*invokestatic arraycopy {reexecute=0 rethrow=0 return_oop=0}
                      ; - java.lang.String::getBytes@22 (line 4726)
                      ; - java.lang.AbstractStringBuilder::putStringAt@15 (line 1751)
                      ; - java.lang.AbstractStringBuilder::append@30 (line 588)
                      ; - java.lang.StringBuilder::append@2 (line 179)
                      ; - java.net.URLStreamHandler::toExternalForm@149 (line 486)
                      ; - java.net.URL::toExternalForm@5 (line 1203)
                      ; - java.net.URL::toString@1 (line 1189)
                      ; - java.lang.ClassLoader::defineClassSourceLocation@22 (line 927)
                      ; - java.lang.ClassLoader::defineClass@12 (line 1026)
  0x000001f6df48ce8c: 7077 53ff 

  0x000001f6df48ce90: ;   {other}
  0x000001f6df48ce90: 0f1f 8400 | 8043 0077 | baf6 ffff | ff66 6690 

  0x000001f6df48cea0: ;   {runtime_call UncommonTrapBlob}
  0x000001f6df48cea0: c5f8 77e8 

  0x000001f6df48cea4: ; ImmutableOopMap {}
                      ;*invokevirtual getPackageName {reexecute=0 rethrow=0 return_oop=0}
                      ; - java.lang.ClassLoader::postDefineClass@2 (line 934)
                      ; - java.lang.ClassLoader::defineClass@37 (line 1028)
  0x000001f6df48cea4: 5877 53ff 

  0x000001f6df48cea8: ;   {other}
  0x000001f6df48cea8: 0f1f 8400 | 9843 0078 | baf6 ffff | ff66 6690 

  0x000001f6df48ceb8: ;   {runtime_call UncommonTrapBlob}
  0x000001f6df48ceb8: c5f8 77e8 

  0x000001f6df48cebc: ; ImmutableOopMap {}
                      ;*invokevirtual hashCode {reexecute=0 rethrow=0 return_oop=0}
                      ; - java.util.concurrent.ConcurrentHashMap::get@1 (line 936)
                      ; - java.lang.ClassLoader::getNamedPackage@5 (line 341)
                      ; - java.lang.ClassLoader::postDefineClass@9 (line 934)
                      ; - java.lang.ClassLoader::defineClass@37 (line 1028)
  0x000001f6df48cebc: 4077 53ff 

  0x000001f6df48cec0: ;   {other}
  0x000001f6df48cec0: 0f1f 8400 | b043 0079 | baf6 ffff | ff66 6690 

  0x000001f6df48ced0: ;   {runtime_call UncommonTrapBlob}
  0x000001f6df48ced0: c5f8 77e8 

  0x000001f6df48ced4: ; ImmutableOopMap {}
                      ;*arraylength {reexecute=0 rethrow=0 return_oop=0}
                      ; - java.util.Arrays::copyOfRange@6 (line 3853)
                      ; - java.lang.String::<init>@32 (line 4788)
                      ; - java.lang.String::<init>@3 (line 1507)
                      ; - java.lang.StringBuilder::toString@5 (line 475)
                      ; - java.net.URLStreamHandler::toExternalForm@152 (line 486)
                      ; - java.net.URL::toExternalForm@5 (line 1203)
                      ; - java.net.URL::toString@1 (line 1189)
                      ; - java.lang.ClassLoader::defineClassSourceLocation@22 (line 927)
                      ; - java.lang.ClassLoader::defineClass@12 (line 1026)
  0x000001f6df48ced4: 2877 53ff 

  0x000001f6df48ced8: ;   {other}
  0x000001f6df48ced8: 0f1f 8400 | c843 007a | baf6 ffff | ff66 6690 

  0x000001f6df48cee8: ;   {runtime_call UncommonTrapBlob}
  0x000001f6df48cee8: c5f8 77e8 

  0x000001f6df48ceec: ; ImmutableOopMap {}
                      ;*bastore {reexecute=0 rethrow=0 return_oop=0}
                      ; - java.lang.AbstractStringBuilder::append@41 (line 808)
                      ; - java.lang.StringBuilder::append@2 (line 246)
                      ; - java.net.URLStreamHandler::toExternalForm@16 (line 480)
                      ; - java.net.URL::toExternalForm@5 (line 1203)
                      ; - java.net.URL::toString@1 (line 1189)
                      ; - java.lang.ClassLoader::defineClassSourceLocation@22 (line 927)
                      ; - java.lang.ClassLoader::defineClass@12 (line 1026)
  0x000001f6df48ceec: 1077 53ff 

  0x000001f6df48cef0: ;   {other}
  0x000001f6df48cef0: 0f1f 8400 | e043 007b | baf6 ffff | ff66 6690 

  0x000001f6df48cf00: ;   {runtime_call UncommonTrapBlob}
  0x000001f6df48cf00: c5f8 77e8 

  0x000001f6df48cf04: ; ImmutableOopMap {}
                      ;*arraylength {reexecute=0 rethrow=0 return_oop=0}
                      ; - java.lang.String::isEmpty@4 (line 1532)
                      ; - java.net.URLStreamHandler::toExternalForm@29 (line 482)
                      ; - java.net.URL::toExternalForm@5 (line 1203)
                      ; - java.net.URL::toString@1 (line 1189)
                      ; - java.lang.ClassLoader::defineClassSourceLocation@22 (line 927)
                      ; - java.lang.ClassLoader::defineClass@12 (line 1026)
  0x000001f6df48cf04: f876 53ff 

  0x000001f6df48cf08: ;   {other}
  0x000001f6df48cf08: 0f1f 8400 | f843 007c | 4d85 d244 | 8b9c 2490 | 0000 0041 | 0f94 c3ba | 45ff ffff | 4c8b 5424 
  0x000001f6df48cf28: 404c 8954 | 2438 4889 | 4424 4044 | 895c 2448 

  0x000001f6df48cf38: ;   {runtime_call UncommonTrapBlob}
  0x000001f6df48cf38: c5f8 77e8 

  0x000001f6df48cf3c: ; ImmutableOopMap {[40]=Oop [48]=Oop [56]=Oop [64]=Oop }
                      ;*ifeq {reexecute=1 rethrow=0 return_oop=0}
                      ; - (reexecute) java.lang.Class::getPackageName@29 (line 1164)
                      ; - java.lang.ClassLoader::postDefineClass@2 (line 934)
                      ; - java.lang.ClassLoader::defineClass@37 (line 1028)
  0x000001f6df48cf3c: c076 53ff 

  0x000001f6df48cf40: ;   {other}
  0x000001f6df48cf40: 0f1f 8400 | 3044 007d | baf6 ffff | ff66 6690 

  0x000001f6df48cf50: ;   {runtime_call UncommonTrapBlob}
  0x000001f6df48cf50: c5f8 77e8 

  0x000001f6df48cf54: ; ImmutableOopMap {}
                      ;*arraylength {reexecute=0 rethrow=0 return_oop=0}
                      ; - java.lang.String::length@4 (line 1519)
                      ; - java.lang.String::lastIndexOf@3 (line 2535)
                      ; - java.lang.Class::getPackageName@47 (line 1168)
                      ; - java.lang.ClassLoader::postDefineClass@2 (line 934)
                      ; - java.lang.ClassLoader::defineClass@37 (line 1028)
  0x000001f6df48cf54: a876 53ff 

  0x000001f6df48cf58: ;   {other}
  0x000001f6df48cf58: 0f1f 8400 | 4844 007e | ba45 ffff | ff48 8b6c | 2428 6690 

  0x000001f6df48cf6c: ;   {runtime_call UncommonTrapBlob}
  0x000001f6df48cf6c: c5f8 77e8 

  0x000001f6df48cf70: ; ImmutableOopMap {rbp=Oop [48]=Oop [64]=Oop [72]=Oop }
                      ;*ifnull {reexecute=1 rethrow=0 return_oop=0}
                      ; - (reexecute) java.lang.ClassLoader::checkName@1 (line 1155)
                      ; - java.lang.ClassLoader::preDefineClass@1 (line 900)
                      ; - java.lang.ClassLoader::defineClass@4 (line 1025)
  0x000001f6df48cf70: 8c76 53ff 

  0x000001f6df48cf74: ;   {other}
  0x000001f6df48cf74: 0f1f 8400 | 6444 007f | ba45 ffff | ff48 8b6c | 2428 4c8b | 5424 304c | 8954 2428 | 448b 5c24 
  0x000001f6df48cf94: 3844 895c | 2430 448b | 5424 3c44 | 8954 2434 | 4c8b 5424 | 504c 8954 | 2438 6690 

  0x000001f6df48cfb0: ;   {runtime_call UncommonTrapBlob}
  0x000001f6df48cfb0: c5f8 77e8 

  0x000001f6df48cfb4: ; ImmutableOopMap {rbp=Oop [40]=Oop [56]=Oop [64]=Oop [72]=Oop }
                      ;*ifnonnull {reexecute=1 rethrow=0 return_oop=0}
                      ; - (reexecute) java.lang.ClassLoader::preDefineClass@95 (line 912)
                      ; - java.lang.ClassLoader::defineClass@4 (line 1025)
  0x000001f6df48cfb4: 4876 53ff 

  0x000001f6df48cfb8: ;   {other}
  0x000001f6df48cfb8: 0f1f 8400 | a844 0080 | ba45 ffff | ff48 8b6c | 2428 4c8b | 5424 304c | 8954 2428 | 448b 5424 
  0x000001f6df48cfd8: 3844 8954 | 2430 448b | 5c24 3c44 | 895c 2434 | 4c8b 5424 | 404c 8954 | 2438 4c8b | 5424 504c 
  0x000001f6df48cff8: 8954 2440 | 4889 7424 | 5889 5c24 | 5466 6690 

  0x000001f6df48d008: ;   {runtime_call UncommonTrapBlob}
  0x000001f6df48d008: c5f8 77e8 

  0x000001f6df48d00c: ; ImmutableOopMap {rbp=Oop [40]=Oop [56]=Oop [64]=Oop [72]=Oop [84]=NarrowOop [88]=Oop }
                      ;*ifnull {reexecute=1 rethrow=0 return_oop=0}
                      ; - (reexecute) java.lang.ClassLoader::checkCerts@30 (line 1167)
                      ; - java.lang.ClassLoader::preDefineClass@113 (line 917)
                      ; - java.lang.ClassLoader::defineClass@4 (line 1025)
  0x000001f6df48d00c: f075 53ff 

  0x000001f6df48d010: ;   {other}
  0x000001f6df48d010: 0f1f 8400 | 0045 0081 | ba45 ffff | ff48 8b6c | 2428 4c8b | 5c24 304c | 895c 2428 | 448b 4424 
  0x000001f6df48d030: 3844 8944 | 2430 448b | 5c24 3c44 | 895c 2434 | 4c8b 5c24 | 404c 895c | 2438 4489 | 5424 4490 
  0x000001f6df48d050: ;   {runtime_call UncommonTrapBlob}
  0x000001f6df48d050: c5f8 77e8 

  0x000001f6df48d054: ; ImmutableOopMap {rbp=Oop [40]=Oop [56]=Oop [68]=NarrowOop [72]=Oop }
                      ;*ifnull {reexecute=1 rethrow=0 return_oop=0}
                      ; - (reexecute) java.lang.ClassLoader::defineClassSourceLocation@8 (line 926)
                      ; - java.lang.ClassLoader::defineClass@12 (line 1026)
  0x000001f6df48d054: a875 53ff 

  0x000001f6df48d058: ;   {other}
  0x000001f6df48d058: 0f1f 8400 | 4845 0082 | ba45 ffff | ff48 8b6c | 2428 4c8b | 5424 484c | 8954 2420 | 4c8b 5424 
  0x000001f6df48d078: 304c 8954 | 2428 448b | 5424 3844 | 8954 2430 | 448b 5c24 | 3c44 895c | 2434 4c8b | 5424 404c 
  0x000001f6df48d098: 8954 2438 | 895c 2440 | 4c8b 5424 | 784c 8954 | 2450 894c | 2458 6690 

  0x000001f6df48d0b0: ;   {runtime_call UncommonTrapBlob}
  0x000001f6df48d0b0: c5f8 77e8 

  0x000001f6df48d0b4: ; ImmutableOopMap {rbp=Oop [32]=Oop [40]=Oop [56]=Oop [64]=NarrowOop [80]=Oop [88]=NarrowOop [120]=Oop }
                      ;*ifnonnull {reexecute=1 rethrow=0 return_oop=0}
                      ; - (reexecute) java.lang.AbstractStringBuilder::append@1 (line 583)
                      ; - java.lang.StringBuilder::append@2 (line 179)
                      ; - java.net.URLStreamHandler::toExternalForm@11 (line 480)
                      ; - java.net.URL::toExternalForm@5 (line 1203)
                      ; - java.net.URL::toString@1 (line 1189)
                      ; - java.lang.ClassLoader::defineClassSourceLocation@22 (line 927)
                      ; - java.lang.ClassLoader::defineClass@12 (line 1026)
  0x000001f6df48d0b4: 4875 53ff 

  0x000001f6df48d0b8: ;   {other}
  0x000001f6df48d0b8: 0f1f 8400 | a845 0083 | ba45 ffff | ff48 8b6c | 2428 4c8b | 5424 484c | 8954 2420 | 4c8b 5424 
  0x000001f6df48d0d8: 304c 8954 | 2428 448b | 5424 3844 | 8954 2430 | 448b 5c24 | 3c44 895c | 2434 4c8b | 5424 404c 
  0x000001f6df48d0f8: 8954 2438 | 895c 2440 | 894c 2450 

  0x000001f6df48d104: ;   {runtime_call UncommonTrapBlob}
  0x000001f6df48d104: c5f8 77e8 

  0x000001f6df48d108: ; ImmutableOopMap {rbp=Oop [32]=Oop [40]=Oop [56]=Oop [64]=NarrowOop [80]=NarrowOop [120]=Oop }
                      ;*ifnull {reexecute=1 rethrow=0 return_oop=0}
                      ; - (reexecute) java.net.URLStreamHandler::toExternalForm@68 (line 484)
                      ; - java.net.URL::toExternalForm@5 (line 1203)
                      ; - java.net.URL::toString@1 (line 1189)
                      ; - java.lang.ClassLoader::defineClassSourceLocation@22 (line 927)
                      ; - java.lang.ClassLoader::defineClass@12 (line 1026)
  0x000001f6df48d108: f474 53ff 

  0x000001f6df48d10c: ;   {other}
  0x000001f6df48d10c: 0f1f 8400 | fc45 0084 | ba45 ffff | ff44 895c | 2420 6690 

  0x000001f6df48d120: ;   {runtime_call UncommonTrapBlob}
  0x000001f6df48d120: c5f8 77e8 

  0x000001f6df48d124: ; ImmutableOopMap {[32]=NarrowOop [48]=Oop }
                      ;*ifnull {reexecute=1 rethrow=0 return_oop=0}
                      ; - (reexecute) java.lang.ClassLoader::postDefineClass@17 (line 936)
                      ; - java.lang.ClassLoader::defineClass@37 (line 1028)
  0x000001f6df48d124: d874 53ff 

  0x000001f6df48d128: ;   {other}
  0x000001f6df48d128: 0f1f 8400 | 1846 0085 | 488b d0e9 | c700 0000 | 488b d00f | 1f44 0000 | e9ba 0000 | 00e9 9500 
  0x000001f6df48d148: 0000 e9ad | 0000 0048 | 8bd0 e9a8 | 0000 00e9 | a000 0000 | 488b d090 | e99a 0000 | 00e9 7500 
  0x000001f6df48d168: 0000 e98d | 0000 00e9 | 6b00 0000 | e966 0000 | 00e9 6100 | 0000 6690 | e95a 0000 | 00e9 5500 
  0x000001f6df48d188: 0000 e950 | 0000 00e9 | 4b00 0000 | 488b d0e9 | 6300 0000 | 0f1f 4000 | e93a 0000 | 00e9 3500 
  0x000001f6df48d1a8: 0000 e930 | 0000 00e9 | 2b00 0000 | e926 0000 | 00e9 2100 | 0000 6690 | e91a 0000 | 00e9 1500 
  0x000001f6df48d1c8: 0000 eb13 | eb11 eb0f | e927 0000 | 00e9 2200 | 0000 e91d | 0000 0048 | 8bd0 e918 | 0000 0048 
  0x000001f6df48d1e8: 8bd0 eb13 | 488b d0eb | 0e48 8bd0 | eb09 eb04 | eb02 eb00 | 488b d0c5 | f877 4881 | c4b0 0000 
  0x000001f6df48d208: ;   {runtime_call _rethrow_Java}
  0x000001f6df48d208: 005d e9f1 | db5f ffba | 97ff ffff | 4c8b 5424 | 304c 8954 | 2428 448b | 5c24 3844 | 895c 2430 
  0x000001f6df48d228: 448b 5c24 | 3c44 895c | 2434 4c8b | 5424 404c | 8954 2438 | 4c8b 5424 | 584c 8954 | 2448 6690 
  0x000001f6df48d248: ;   {runtime_call UncommonTrapBlob}
  0x000001f6df48d248: c5f8 77e8 

  0x000001f6df48d24c: ; ImmutableOopMap {rbp=Oop [32]=Oop [40]=Oop [56]=Oop [72]=Oop [84]=NarrowOop [88]=Oop }
                      ;*invokevirtual clone {reexecute=1 rethrow=0 return_oop=0}
                      ; - (reexecute) java.util.Arrays::copyOfRange@18 (line 3856)
                      ; - java.lang.String::<init>@32 (line 4788)
                      ; - java.lang.String::<init>@3 (line 1507)
                      ; - java.lang.StringBuilder::toString@5 (line 475)
                      ; - java.net.URLStreamHandler::toExternalForm@152 (line 486)
                      ; - java.net.URL::toExternalForm@5 (line 1203)
                      ; - java.net.URL::toString@1 (line 1189)
                      ; - java.lang.ClassLoader::defineClassSourceLocation@22 (line 927)
                      ; - java.lang.ClassLoader::defineClass@12 (line 1026)
  0x000001f6df48d24c: b073 53ff 

  0x000001f6df48d250: ;   {other}
  0x000001f6df48d250: 0f1f 8400 | 4047 0086 | ba97 ffff | ff4c 8b54 | 2430 4c89 | 5424 2844 | 8b54 2438 | 4489 5424 
  0x000001f6df48d270: 3044 8b5c | 243c 4489 | 5c24 344c | 8b54 2440 | 4c89 5424 | 3848 896c | 2448 4c8b | 5424 784c 
  0x000001f6df48d290: 8954 2460 

  0x000001f6df48d294: ;   {runtime_call UncommonTrapBlob}
  0x000001f6df48d294: c5f8 77e8 

  0x000001f6df48d298: ; ImmutableOopMap {[32]=Oop [40]=Oop [56]=Oop [72]=Oop [80]=NarrowOop [96]=Oop [104]=Oop [112]=NarrowOop [120]=Oop }
                      ;*invokevirtual clone {reexecute=1 rethrow=0 return_oop=0}
                      ; - (reexecute) java.util.Arrays::copyOfRange@18 (line 3856)
                      ; - java.lang.StringLatin1::newString@16 (line 752)
                      ; - java.lang.String::substring@41 (line 2839)
                      ; - java.lang.ClassLoader::checkCerts@21 (line 1164)
                      ; - java.lang.ClassLoader::preDefineClass@113 (line 917)
                      ; - java.lang.ClassLoader::defineClass@4 (line 1025)
  0x000001f6df48d298: 6473 53ff 

  0x000001f6df48d29c: ;   {other}
  0x000001f6df48d29c: 0f1f 8400 | 8c47 0087 | ba97 ffff | ff4c 8b54 | 2428 498b | ea66 6690 

  0x000001f6df48d2b4: ;   {runtime_call UncommonTrapBlob}
  0x000001f6df48d2b4: c5f8 77e8 

  0x000001f6df48d2b8: ; ImmutableOopMap {rbp=Oop [32]=Oop [48]=Oop [80]=NarrowOop [88]=Oop }
                      ;*invokevirtual clone {reexecute=1 rethrow=0 return_oop=0}
                      ; - (reexecute) java.util.Arrays::copyOfRange@18 (line 3856)
                      ; - java.lang.StringLatin1::newString@16 (line 752)
                      ; - java.lang.String::substring@41 (line 2839)
                      ; - java.lang.Class::getPackageName@62 (line 1169)
                      ; - java.lang.ClassLoader::postDefineClass@2 (line 934)
                      ; - java.lang.ClassLoader::defineClass@37 (line 1028)
  0x000001f6df48d2b8: 4473 53ff 

  0x000001f6df48d2bc: ;   {other}
  0x000001f6df48d2bc: 0f1f 8400 | ac47 0088 

  0x000001f6df48d2c4: ;   {internal_word}
  0x000001f6df48d2c4: 49ba 9ca4 | 48df f601 | 0000 4d89 | 9768 0400 

  0x000001f6df48d2d4: ;   {runtime_call SafepointBlob}
  0x000001f6df48d2d4: 00e9 2684 

  0x000001f6df48d2d8: ;   {runtime_call StubRoutines (final stubs)}
  0x000001f6df48d2d8: 53ff e881 | 7a51 ffe9 | babd ffff | f4f4 f4f4 
[Stub Code]
  0x000001f6df48d2e8: ;   {no_reloc}
  0x000001f6df48d2e8: 48bb 0000 | 0000 0000 

  0x000001f6df48d2f0: ;   {runtime_call}
  0x000001f6df48d2f0: 0000 e9fb 

  0x000001f6df48d2f4: ;   {static_stub}
  0x000001f6df48d2f4: ffff ff48 | bb00 0000 | 0000 0000 

  0x000001f6df48d300: ;   {runtime_call}
  0x000001f6df48d300: 00e9 fbff 

  0x000001f6df48d304: ;   {static_stub}
  0x000001f6df48d304: ffff 48bb | 0000 0000 | 0000 0000 

  0x000001f6df48d310: ;   {runtime_call}
  0x000001f6df48d310: e9fb ffff 

  0x000001f6df48d314: ;   {static_stub}
  0x000001f6df48d314: ff48 bb00 | 0000 0000 

  0x000001f6df48d31c: ;   {runtime_call}
  0x000001f6df48d31c: 0000 00e9 | fbff ffff 

  0x000001f6df48d324: ;   {static_stub}
  0x000001f6df48d324: 48bb 0000 | 0000 0000 

  0x000001f6df48d32c: ;   {runtime_call}
  0x000001f6df48d32c: 0000 e9fb 

  0x000001f6df48d330: ;   {static_stub}
  0x000001f6df48d330: ffff ff48 | bb00 0000 | 0000 0000 

  0x000001f6df48d33c: ;   {runtime_call}
  0x000001f6df48d33c: 00e9 fbff 

  0x000001f6df48d340: ;   {static_stub}
  0x000001f6df48d340: ffff 48bb | 0000 0000 | 0000 0000 

  0x000001f6df48d34c: ;   {runtime_call}
  0x000001f6df48d34c: e9fb ffff 

  0x000001f6df48d350: ;   {static_stub}
  0x000001f6df48d350: ff48 bb00 | 0000 0000 

  0x000001f6df48d358: ;   {runtime_call}
  0x000001f6df48d358: 0000 00e9 | fbff ffff 

  0x000001f6df48d360: ;   {static_stub}
  0x000001f6df48d360: 48bb 0000 | 0000 0000 

  0x000001f6df48d368: ;   {runtime_call}
  0x000001f6df48d368: 0000 e9fb 

  0x000001f6df48d36c: ;   {static_stub}
  0x000001f6df48d36c: ffff ff48 | bb00 0000 | 0000 0000 

  0x000001f6df48d378: ;   {runtime_call}
  0x000001f6df48d378: 00e9 fbff 

  0x000001f6df48d37c: ;   {static_stub}
  0x000001f6df48d37c: ffff 48bb | 0000 0000 | 0000 0000 

  0x000001f6df48d388: ;   {runtime_call}
  0x000001f6df48d388: e9fb ffff 

  0x000001f6df48d38c: ;   {static_stub}
  0x000001f6df48d38c: ff48 bb00 | 0000 0000 

  0x000001f6df48d394: ;   {runtime_call}
  0x000001f6df48d394: 0000 00e9 | fbff ffff 

  0x000001f6df48d39c: ;   {static_stub}
  0x000001f6df48d39c: 48bb 0000 | 0000 0000 

  0x000001f6df48d3a4: ;   {runtime_call}
  0x000001f6df48d3a4: 0000 e9fb 

  0x000001f6df48d3a8: ;   {static_stub}
  0x000001f6df48d3a8: ffff ff48 | bb00 0000 | 0000 0000 

  0x000001f6df48d3b4: ;   {runtime_call}
  0x000001f6df48d3b4: 00e9 fbff 

  0x000001f6df48d3b8: ;   {static_stub}
  0x000001f6df48d3b8: ffff 48bb | 0000 0000 | 0000 0000 

  0x000001f6df48d3c4: ;   {runtime_call}
  0x000001f6df48d3c4: e9fb ffff 

  0x000001f6df48d3c8: ;   {static_stub}
  0x000001f6df48d3c8: ff48 bb00 | 0000 0000 

  0x000001f6df48d3d0: ;   {runtime_call}
  0x000001f6df48d3d0: 0000 00e9 | fbff ffff 

  0x000001f6df48d3d8: ;   {static_stub}
  0x000001f6df48d3d8: 48bb 0000 | 0000 0000 

  0x000001f6df48d3e0: ;   {runtime_call}
  0x000001f6df48d3e0: 0000 e9fb 

  0x000001f6df48d3e4: ;   {static_stub}
  0x000001f6df48d3e4: ffff ff48 | bb00 0000 | 0000 0000 

  0x000001f6df48d3f0: ;   {runtime_call}
  0x000001f6df48d3f0: 00e9 fbff 

  0x000001f6df48d3f4: ;   {runtime_call ExceptionBlob}
  0x000001f6df48d3f4: ffff e905 | 4f56 ffe8 | 0000 0000 | 4883 2c24 

  0x000001f6df48d404: ;   {runtime_call DeoptimizationBlob}
  0x000001f6df48d404: 05e9 9675 | 53ff f4f4 | f4f4 f4f4 
[/MachCode]


Compiled method (c1)  853797 7333       2       java.security.SecureClassLoader::defineClass (16 bytes)
 total in heap  [0x000001f6d772b410,0x000001f6d772b7e0] = 976
 relocation     [0x000001f6d772b568,0x000001f6d772b5b0] = 72
 main code      [0x000001f6d772b5c0,0x000001f6d772b6e8] = 296
 stub code      [0x000001f6d772b6e8,0x000001f6d772b738] = 80
 metadata       [0x000001f6d772b738,0x000001f6d772b740] = 8
 scopes data    [0x000001f6d772b740,0x000001f6d772b788] = 72
 scopes pcs     [0x000001f6d772b788,0x000001f6d772b7d8] = 80
 dependencies   [0x000001f6d772b7d8,0x000001f6d772b7e0] = 8

[Constant Pool (empty)]

[MachCode]
[Entry Point]
  # {method} {0x000001f68004d8a0} 'defineClass' '(Ljava/lang/String;[BIILjava/security/CodeSource;)Ljava/lang/Class;' in 'java/security/SecureClassLoader'
  # this:     rdx:rdx   = 'java/security/SecureClassLoader'
  # parm0:    r8:r8     = 'java/lang/String'
  # parm1:    r9:r9     = '[B'
  # parm2:    rdi       = int
  # parm3:    rsi       = int
  # parm4:    rcx:rcx   = 'java/security/CodeSource'
  #           [sp+0x80]  (sp of caller)
  0x000001f6d772b5c0: 448b 5208 | 49bb 0000 | 0080 f601 | 0000 4d03 | d34c 3bd0 

  0x000001f6d772b5d4: ;   {runtime_call ic_miss_stub}
  0x000001f6d772b5d4: 0f85 a631 | 2907 660f | 1f44 0000 
[Verified Entry Point]
  0x000001f6d772b5e0: 8984 2400 | 80ff ff55 | 4883 ec70 | 4181 7f20 | 1200 0000 

  0x000001f6d772b5f4: ;   {runtime_call StubRoutines (final stubs)}
  0x000001f6d772b5f4: 7405 e865 | 9727 0748 | bb78 4802 | eef6 0100 | 008b 4308 | 83c0 0289 | 4308 25fe | 0f00 0085 
  0x000001f6d772b614: c00f 846c | 0000 0089 | 7424 5489 | 7c24 504c | 894c 2448 | 4c89 4424 | 404c 8bc1 | 488b c248 
  0x000001f6d772b634: 8bd0 4889 | 4424 580f 

  0x000001f6d772b63c: ;   {optimized virtual_call}
  0x000001f6d772b63c: 1f40 00e8 

  0x000001f6d772b640: ; ImmutableOopMap {[64]=Oop [72]=Oop [88]=Oop }
                      ;*invokevirtual getProtectionDomain {reexecute=0 rethrow=0 return_oop=0}
                      ; - java.security.SecureClassLoader::defineClass@9 (line 150)
  0x000001f6d772b640: 1c27 8307 

  0x000001f6d772b644: ;   {other}
  0x000001f6d772b644: 0f1f 8400 | 3402 0000 | 4c8b 4424 | 404c 8b4c | 2448 8b7c | 2450 8b74 | 2454 488b | c848 8b54 
  0x000001f6d772b664: ;   {optimized virtual_call}
  0x000001f6d772b664: 2458 90e8 

  0x000001f6d772b668: ; ImmutableOopMap {}
                      ;*invokevirtual defineClass {reexecute=0 rethrow=0 return_oop=0}
                      ; - java.security.SecureClassLoader::defineClass@12 (line 150)
  0x000001f6d772b668: 14da d507 

  0x000001f6d772b66c: ;   {other}
  0x000001f6d772b66c: 0f1f 8400 | 5c02 0001 | 4883 c470 

  0x000001f6d772b678: ;   {poll_return}
  0x000001f6d772b678: 5d49 3ba7 | 5004 0000 | 0f87 2200 

  0x000001f6d772b684: ;   {metadata({method} {0x000001f68004d8a0} 'defineClass' '(Ljava/lang/String;[BIILjava/security/CodeSource;)Ljava/lang/Class;' in 'java/security/SecureClassLoader')}
  0x000001f6d772b684: 0000 c349 | ba98 d804 | 80f6 0100 | 004c 8954 | 2408 48c7 | 0424 ffff 

  0x000001f6d772b69c: ;   {runtime_call counter_overflow Runtime1 stub}
  0x000001f6d772b69c: ffff e8dd 

  0x000001f6d772b6a0: ; ImmutableOopMap {rdx=Oop r8=Oop r9=Oop rcx=Oop }
                      ;*synchronization entry
                      ; - java.security.SecureClassLoader::defineClass@-1 (line 150)
  0x000001f6d772b6a0: 8135 07e9 | 73ff ffff 

  0x000001f6d772b6a8: ;   {internal_word}
  0x000001f6d772b6a8: 49ba 79b6 | 72d7 f601 | 0000 4d89 | 9768 0400 

  0x000001f6d772b6b8: ;   {runtime_call SafepointBlob}
  0x000001f6d772b6b8: 00e9 42a0 | 2907 498b | 8700 0500 | 0049 c787 | 0005 0000 | 0000 0000 | 49c7 8708 | 0500 0000 
  0x000001f6d772b6d8: 0000 0048 | 83c4 705d 

  0x000001f6d772b6e0: ;   {runtime_call unwind_exception Runtime1 stub}
  0x000001f6d772b6e0: e91b 9f2c | 07f4 f4f4 
[Stub Code]
  0x000001f6d772b6e8: ;   {no_reloc}
  0x000001f6d772b6e8: 48bb 0000 | 0000 0000 

  0x000001f6d772b6f0: ;   {runtime_call}
  0x000001f6d772b6f0: 0000 e9fb 

  0x000001f6d772b6f4: ;   {static_stub}
  0x000001f6d772b6f4: ffff ff48 | bb00 0000 | 0000 0000 

  0x000001f6d772b700: ;   {runtime_call}
  0x000001f6d772b700: 00e9 fbff 

  0x000001f6d772b704: ;   {runtime_call handle_exception_from_callee Runtime1 stub}
  0x000001f6d772b704: ffff e8f5 

  0x000001f6d772b708: ;   {external_word}
  0x000001f6d772b708: 6e2c 0748 | b9d0 f787 | 4dfd 7f00 | 0048 83e4 

  0x000001f6d772b718: ;   {runtime_call}
  0x000001f6d772b718: f048 b8a0 | 1250 4dfd | 7f00 00ff 

  0x000001f6d772b724: ;   {section_word}
  0x000001f6d772b724: d0f4 49ba | 26b7 72d7 | f601 0000 

  0x000001f6d772b730: ;   {runtime_call DeoptimizationBlob}
  0x000001f6d772b730: 4152 e969 | 9229 07f4 
[/MachCode]


---------------  P R O C E S S  ---------------

Threads class SMR info:
_java_thread_list=0x000001f6f45f41b0, length=31, elements={
0x000001f6ed873630, 0x000001f6ed875560, 0x000001f6ed87d4d0, 0x000001f6ed87df30,
0x000001f6ed87e990, 0x000001f6ed883400, 0x000001f6ed884190, 0x000001f6ed8ce900,
0x000001f6edb06540, 0x000001f6edb0dc70, 0x000001f6f3222c20, 0x000001f6f3221870,
0x000001f6f3224cf0, 0x000001f6f3225380, 0x000001f6f3223fd0, 0x000001f6f3224660,
0x000001f6f3225a10, 0x000001f6f3220b50, 0x000001f6f3222590, 0x000001f6f32260a0,
0x000001f6f3226dc0, 0x000001f6f3227450, 0x000001f6f3227ae0, 0x000001f6f3228170,
0x000001f6f32211e0, 0x000001f6f34e7640, 0x000001f6f34e5c00, 0x000001f6f34e6290,
0x000001f6f34e4850, 0x000001f6f34e7cd0, 0x000001f6f34e6920
}

Java Threads: ( => current thread )
  0x000001f6ed873630 JavaThread "Reference Handler"          daemon [_thread_blocked, id=18320, stack(0x000000576f200000,0x000000576f300000) (1024K)]
  0x000001f6ed875560 JavaThread "Finalizer"                  daemon [_thread_blocked, id=19676, stack(0x000000576f300000,0x000000576f400000) (1024K)]
  0x000001f6ed87d4d0 JavaThread "Signal Dispatcher"          daemon [_thread_blocked, id=2256, stack(0x000000576f400000,0x000000576f500000) (1024K)]
  0x000001f6ed87df30 JavaThread "Attach Listener"            daemon [_thread_blocked, id=14120, stack(0x000000576f500000,0x000000576f600000) (1024K)]
  0x000001f6ed87e990 JavaThread "Service Thread"             daemon [_thread_blocked, id=15648, stack(0x000000576f600000,0x000000576f700000) (1024K)]
  0x000001f6ed883400 JavaThread "Monitor Deflation Thread"   daemon [_thread_blocked, id=9048, stack(0x000000576f700000,0x000000576f800000) (1024K)]
  0x000001f6ed884190 JavaThread "C2 CompilerThread0"         daemon [_thread_blocked, id=19768, stack(0x000000576f800000,0x000000576f900000) (1024K)]
  0x000001f6ed8ce900 JavaThread "C1 CompilerThread0"         daemon [_thread_blocked, id=25672, stack(0x000000576f900000,0x000000576fa00000) (1024K)]
  0x000001f6edb06540 JavaThread "Notification Thread"        daemon [_thread_blocked, id=11044, stack(0x000000576fa00000,0x000000576fb00000) (1024K)]
  0x000001f6edb0dc70 JavaThread "Common-Cleaner"             daemon [_thread_blocked, id=352, stack(0x000000576fb00000,0x000000576fc00000) (1024K)]
  0x000001f6f3222c20 JavaThread "PostgreSQL-JDBC-Cleaner"    daemon [_thread_blocked, id=21636, stack(0x0000005771000000,0x0000005771100000) (1024K)]
  0x000001f6f3221870 JavaThread "Live Reload Server"         daemon [_thread_in_native, id=14652, stack(0x0000005771500000,0x0000005771600000) (1024K)]
  0x000001f6f3224cf0 JavaThread "DestroyJavaVM"                     [_thread_blocked, id=26688, stack(0x000000576ea00000,0x000000576eb00000) (1024K)]
  0x000001f6f3225380 JavaThread "Catalina-utility-1"                [_thread_blocked, id=24916, stack(0x0000005770400000,0x0000005770500000) (1024K)]
  0x000001f6f3223fd0 JavaThread "http-nio-8080-exec-1"       daemon [_thread_blocked, id=12100, stack(0x0000005770500000,0x0000005770600000) (1024K)]
  0x000001f6f3224660 JavaThread "http-nio-8080-exec-2"       daemon [_thread_blocked, id=15800, stack(0x0000005770600000,0x0000005770700000) (1024K)]
=>0x000001f6f3225a10 JavaThread "http-nio-8080-exec-3"       daemon [_thread_in_vm, id=13880, stack(0x0000005770700000,0x0000005770800000) (1024K)]
  0x000001f6f3220b50 JavaThread "http-nio-8080-exec-4"       daemon [_thread_blocked, id=18736, stack(0x0000005770800000,0x0000005770900000) (1024K)]
  0x000001f6f3222590 JavaThread "http-nio-8080-exec-5"       daemon [_thread_blocked, id=24392, stack(0x0000005770900000,0x0000005770a00000) (1024K)]
  0x000001f6f32260a0 JavaThread "http-nio-8080-exec-6"       daemon [_thread_blocked, id=7760, stack(0x0000005770a00000,0x0000005770b00000) (1024K)]
  0x000001f6f3226dc0 JavaThread "http-nio-8080-exec-7"       daemon [_thread_blocked, id=21216, stack(0x0000005770b00000,0x0000005770c00000) (1024K)]
  0x000001f6f3227450 JavaThread "http-nio-8080-exec-8"       daemon [_thread_blocked, id=17720, stack(0x0000005770c00000,0x0000005770d00000) (1024K)]
  0x000001f6f3227ae0 JavaThread "http-nio-8080-exec-9"       daemon [_thread_blocked, id=18816, stack(0x0000005770e00000,0x0000005770f00000) (1024K)]
  0x000001f6f3228170 JavaThread "http-nio-8080-exec-10"      daemon [_thread_blocked, id=25820, stack(0x0000005771100000,0x0000005771200000) (1024K)]
  0x000001f6f32211e0 JavaThread "Catalina-utility-2"                [_thread_blocked, id=8032, stack(0x0000005771300000,0x0000005771400000) (1024K)]
  0x000001f6f34e7640 JavaThread "container-0"                       [_thread_blocked, id=25320, stack(0x0000005771400000,0x0000005771500000) (1024K)]
  0x000001f6f34e5c00 JavaThread "HikariPool-2 housekeeper"   daemon [_thread_blocked, id=16916, stack(0x0000005771600000,0x0000005771700000) (1024K)]
  0x000001f6f34e6290 JavaThread "HttpClient-2-SelectorManager" daemon [_thread_blocked, id=18860, stack(0x0000005770d00000,0x0000005770e00000) (1024K)]
  0x000001f6f34e4850 JavaThread "File Watcher"               daemon [_thread_blocked, id=26040, stack(0x0000005771200000,0x0000005771300000) (1024K)]
  0x000001f6f34e7cd0 JavaThread "http-nio-8080-Poller"       daemon [_thread_in_native, id=23968, stack(0x0000005771800000,0x0000005771900000) (1024K)]
  0x000001f6f34e6920 JavaThread "http-nio-8080-Acceptor"     daemon [_thread_in_native, id=20584, stack(0x0000005771900000,0x0000005771a00000) (1024K)]
Total: 31

Other Threads:
  0x000001f6ed854ea0 VMThread "VM Thread"                           [id=23668, stack(0x000000576f100000,0x000000576f200000) (1024K)] _threads_hazard_ptr=0x000001f6f45f41b0
  0x000001f6ed83e1e0 WatcherThread "VM Periodic Task Thread"        [id=6472, stack(0x000000576f000000,0x000000576f100000) (1024K)]
  0x000001f6cf02e890 WorkerThread "GC Thread#0"                     [id=12508, stack(0x000000576eb00000,0x000000576ec00000) (1024K)]
  0x000001f6f236d750 WorkerThread "GC Thread#1"                     [id=22576, stack(0x000000576fd00000,0x000000576fe00000) (1024K)]
  0x000001f6f2375b50 WorkerThread "GC Thread#2"                     [id=17428, stack(0x000000576fe00000,0x000000576ff00000) (1024K)]
  0x000001f6f24bd120 WorkerThread "GC Thread#3"                     [id=2804, stack(0x000000576ff00000,0x0000005770000000) (1024K)]
  0x000001f6cf03fda0 ConcurrentGCThread "G1 Main Marker"            [id=15304, stack(0x000000576ec00000,0x000000576ed00000) (1024K)]
  0x000001f6cf041100 WorkerThread "G1 Conc#0"                       [id=19960, stack(0x000000576ed00000,0x000000576ee00000) (1024K)]
  0x000001f6ed70a520 ConcurrentGCThread "G1 Refine#0"               [id=19488, stack(0x000000576ee00000,0x000000576ef00000) (1024K)]
  0x000001f6ed70fd60 ConcurrentGCThread "G1 Service"                [id=24348, stack(0x000000576ef00000,0x000000576f000000) (1024K)]
Total: 10

Threads with active compile tasks:
Total: 0

VM state: synchronizing (normal execution)

VM Mutex/Monitor currently owned by a thread:  ([mutex/lock_event])
[0x00007ffd4db15e18] Metaspace_lock - owner thread: 0x000001f6f3225a10
[0x00007ffd4db17e98] Threads_lock - owner thread: 0x000001f6ed854ea0

Heap address: 0x0000000702600000, size: 4058 MB, Compressed Oops mode: Zero based, Oop shift amount: 3

CDS archive(s) mapped at: [0x000001f680000000-0x000001f680c90000-0x000001f680c90000), size 13172736, SharedBaseAddress: 0x000001f680000000, ArchiveRelocationMode: 1.
Compressed class space mapped at: 0x000001f681000000-0x000001f6c1000000, reserved size: 1073741824
Narrow klass base: 0x000001f680000000, Narrow klass shift: 0, Narrow klass range: 0x100000000

GC Precious Log:
 CardTable entry size: 512
 Card Set container configuration: InlinePtr #cards 4 size 8 Array Of Cards #cards 16 size 48 Howl #buckets 8 coarsen threshold 3686 Howl Bitmap #cards 512 size 80 coarsen threshold 460 Card regions per heap region 1 cards per card region 4096
 CPUs: 4 total, 4 available
 Memory: 16231M
 Large Page Support: Disabled
 NUMA Support: Disabled
 Compressed Oops: Enabled (Zero based)
 Heap Region Size: 2M
 Heap Min Capacity: 8M
 Heap Initial Capacity: 254M
 Heap Max Capacity: 4058M
 Pre-touch: Disabled
 Parallel Workers: 4
 Concurrent Workers: 1
 Concurrent Refinement Workers: 4
 Periodic GC: Disabled

Heap:
 garbage-first heap   total 71680K, used 46959K [0x0000000702600000, 0x0000000800000000)
  region size 2048K, 6 young (12288K), 1 survivors (2048K)
 Metaspace       used 84027K, committed 84800K, reserved 1179648K
  class space    used 11412K, committed 11776K, reserved 1048576K

Heap Regions: E=young(eden), S=young(survivor), O=old, HS=humongous(starts), HC=humongous(continues), CS=collection set, F=free, TAMS=top-at-mark-start, PB=parsable bottom
|   0|0x0000000702600000, 0x00000007027fffa8, 0x0000000702800000| 99%| O|  |TAMS 0x0000000702600000| PB 0x0000000702600000| Untracked 
|   1|0x0000000702800000, 0x0000000702a00000, 0x0000000702a00000|100%| O|  |TAMS 0x0000000702800000| PB 0x0000000702800000| Untracked 
|   2|0x0000000702a00000, 0x0000000702c00000, 0x0000000702c00000|100%| O|  |TAMS 0x0000000702a00000| PB 0x0000000702a00000| Untracked 
|   3|0x0000000702c00000, 0x0000000702dfffa0, 0x0000000702e00000| 99%| O|  |TAMS 0x0000000702c00000| PB 0x0000000702c00000| Untracked 
|   4|0x0000000702e00000, 0x0000000703000000, 0x0000000703000000|100%| O|  |TAMS 0x0000000702e00000| PB 0x0000000702e00000| Untracked 
|   5|0x0000000703000000, 0x00000007031ffff8, 0x0000000703200000| 99%| O|  |TAMS 0x0000000703000000| PB 0x0000000703000000| Untracked 
|   6|0x0000000703200000, 0x0000000703400000, 0x0000000703400000|100%| O|  |TAMS 0x0000000703200000| PB 0x0000000703200000| Untracked 
|   7|0x0000000703400000, 0x00000007035ffd38, 0x0000000703600000| 99%| O|  |TAMS 0x0000000703400000| PB 0x0000000703400000| Untracked 
|   8|0x0000000703600000, 0x00000007037ffff0, 0x0000000703800000| 99%| O|  |TAMS 0x0000000703600000| PB 0x0000000703600000| Untracked 
|   9|0x0000000703800000, 0x00000007039ffff0, 0x0000000703a00000| 99%| O|  |TAMS 0x0000000703800000| PB 0x0000000703800000| Untracked 
|  10|0x0000000703a00000, 0x0000000703bfffc8, 0x0000000703c00000| 99%| O|  |TAMS 0x0000000703a00000| PB 0x0000000703a00000| Untracked 
|  11|0x0000000703c00000, 0x0000000703e00000, 0x0000000703e00000|100%| O|  |TAMS 0x0000000703c00000| PB 0x0000000703c00000| Untracked 
|  12|0x0000000703e00000, 0x0000000704000000, 0x0000000704000000|100%| O|  |TAMS 0x0000000703e00000| PB 0x0000000703e00000| Untracked 
|  13|0x0000000704000000, 0x00000007041fffe0, 0x0000000704200000| 99%| O|  |TAMS 0x0000000704000000| PB 0x0000000704000000| Untracked 
|  14|0x0000000704200000, 0x0000000704200000, 0x0000000704400000|  0%| F|  |TAMS 0x0000000704200000| PB 0x0000000704200000| Untracked 
|  15|0x0000000704400000, 0x0000000704600000, 0x0000000704600000|100%| O|  |TAMS 0x0000000704400000| PB 0x0000000704400000| Untracked 
|  16|0x0000000704600000, 0x0000000704800000, 0x0000000704800000|100%| O|  |TAMS 0x0000000704600000| PB 0x0000000704600000| Untracked 
|  17|0x0000000704800000, 0x0000000704a00000, 0x0000000704a00000|100%| O|  |TAMS 0x0000000704800000| PB 0x0000000704800000| Untracked 
|  18|0x0000000704a00000, 0x0000000704c00000, 0x0000000704c00000|100%| O|Cm|TAMS 0x0000000704a00000| PB 0x0000000704a00000| Complete 
|  19|0x0000000704c00000, 0x0000000704ce83e0, 0x0000000704e00000| 45%| O|  |TAMS 0x0000000704c00000| PB 0x0000000704c00000| Untracked 
|  20|0x0000000704e00000, 0x0000000704e00000, 0x0000000705000000|  0%| F|  |TAMS 0x0000000704e00000| PB 0x0000000704e00000| Untracked 
|  21|0x0000000705000000, 0x0000000705000000, 0x0000000705200000|  0%| F|  |TAMS 0x0000000705000000| PB 0x0000000705000000| Untracked 
|  22|0x0000000705200000, 0x0000000705200000, 0x0000000705400000|  0%| F|  |TAMS 0x0000000705200000| PB 0x0000000705200000| Untracked 
|  23|0x0000000705400000, 0x00000007054f3fc8, 0x0000000705600000| 47%| S|CS|TAMS 0x0000000705400000| PB 0x0000000705400000| Complete 
|  24|0x0000000705600000, 0x0000000705600000, 0x0000000705800000|  0%| F|  |TAMS 0x0000000705600000| PB 0x0000000705600000| Untracked 
|  25|0x0000000705800000, 0x0000000705800000, 0x0000000705a00000|  0%| F|  |TAMS 0x0000000705800000| PB 0x0000000705800000| Untracked 
|  26|0x0000000705a00000, 0x0000000705a00000, 0x0000000705c00000|  0%| F|  |TAMS 0x0000000705a00000| PB 0x0000000705a00000| Untracked 
|  27|0x0000000705c00000, 0x0000000705c00000, 0x0000000705e00000|  0%| F|  |TAMS 0x0000000705c00000| PB 0x0000000705c00000| Untracked 
|  28|0x0000000705e00000, 0x0000000705e00000, 0x0000000706000000|  0%| F|  |TAMS 0x0000000705e00000| PB 0x0000000705e00000| Untracked 
|  29|0x0000000706000000, 0x0000000706000000, 0x0000000706200000|  0%| F|  |TAMS 0x0000000706000000| PB 0x0000000706000000| Untracked 
|  98|0x000000070ea00000, 0x000000070ebeb728, 0x000000070ec00000| 95%| E|  |TAMS 0x000000070ea00000| PB 0x000000070ea00000| Complete 
|  99|0x000000070ec00000, 0x000000070ee00000, 0x000000070ee00000|100%| E|CS|TAMS 0x000000070ec00000| PB 0x000000070ec00000| Complete 
| 100|0x000000070ee00000, 0x000000070f000000, 0x000000070f000000|100%| E|CS|TAMS 0x000000070ee00000| PB 0x000000070ee00000| Complete 
| 101|0x000000070f000000, 0x000000070f200000, 0x000000070f200000|100%| E|CS|TAMS 0x000000070f000000| PB 0x000000070f000000| Complete 
| 126|0x0000000712200000, 0x0000000712400000, 0x0000000712400000|100%| E|CS|TAMS 0x0000000712200000| PB 0x0000000712200000| Complete 

Card table byte_map: [0x000001f6e6c30000,0x000001f6e7420000] _byte_map_base: 0x000001f6e341d000

Marking Bits: (CMBitMap*) 0x000001f6cf02f6b0
 Bits: [0x000001f6e7420000, 0x000001f6eb388000)

Polling page: 0x000001f6ccf40000

Metaspace:

Usage:
  Non-class:     70.91 MB used.
      Class:     11.14 MB used.
       Both:     82.06 MB used.

Virtual space:
  Non-class space:      128.00 MB reserved,      71.31 MB ( 56%) committed,  2 nodes.
      Class space:        1.00 GB reserved,      11.50 MB (  1%) committed,  1 nodes.
             Both:        1.12 GB reserved,      82.81 MB (  7%) committed. 

Chunk freelists:
   Non-Class:  8.05 MB
       Class:  4.33 MB
        Both:  12.38 MB

MaxMetaspaceSize: unlimited
CompressedClassSpaceSize: 1.00 GB
Initial GC threshold: 21.00 MB
Current GC threshold: 137.81 MB
CDS: on
 - commit_granule_bytes: 65536.
 - commit_granule_words: 8192.
 - virtual_space_node_default_size: 8388608.
 - enlarge_chunks_in_place: 1.
 - use_allocation_guard: 0.


Internal statistics:

num_allocs_failed_limit: 14.
num_arena_births: 1204.
num_arena_deaths: 26.
num_vsnodes_births: 3.
num_vsnodes_deaths: 0.
num_space_committed: 1325.
num_space_uncommitted: 0.
num_chunks_returned_to_freelist: 52.
num_chunks_taken_from_freelist: 4370.
num_chunk_merges: 16.
num_chunk_splits: 3069.
num_chunks_enlarged: 2280.
num_inconsistent_stats: 0.

CodeHeap 'non-profiled nmethods': size=120000Kb used=5156Kb max_used=5655Kb free=114843Kb
 bounds [0x000001f6def10000, 0x000001f6df4a0000, 0x000001f6e6440000]
CodeHeap 'profiled nmethods': size=120000Kb used=15079Kb max_used=17093Kb free=104921Kb
 bounds [0x000001f6d7440000, 0x000001f6d8500000, 0x000001f6de970000]
CodeHeap 'non-nmethods': size=5760Kb used=1720Kb max_used=1795Kb free=4039Kb
 bounds [0x000001f6de970000, 0x000001f6debe0000, 0x000001f6def10000]
 total_blobs=8326 nmethods=7583 adapters=646
 compilation: enabled
              stopped_count=0, restarted_count=0
 full_count=0

Compilation events (20 events):
Event: 853.123 Thread 0x000001f6ed884190 10258       4       java.lang.ThreadLocal::get (8 bytes)
Event: 853.126 Thread 0x000001f6ed884190 nmethod 10258 0x000001f6def16590 code [0x000001f6def16740, 0x000001f6def168f8]
Event: 853.137 Thread 0x000001f6ed8ce900 10259       3       org.hibernate.internal.util.collections.StandardStack::getCurrent (21 bytes)
Event: 853.137 Thread 0x000001f6ed8ce900 nmethod 10259 0x000001f6d7444310 code [0x000001f6d74444c0, 0x000001f6d7444720]
Event: 853.137 Thread 0x000001f6ed8ce900 10260       3       org.hibernate.sql.ast.spi.SqlExpressionResolver::resolveSqlExpression (19 bytes)
Event: 853.138 Thread 0x000001f6ed8ce900 nmethod 10260 0x000001f6d7751a90 code [0x000001f6d7751ca0, 0x000001f6d7752438]
Event: 853.138 Thread 0x000001f6ed8ce900 10261       3       org.hibernate.sql.ast.spi.SqlExpressionResolver$$Lambda/0x000001f681820600::<init> (15 bytes)
Event: 853.138 Thread 0x000001f6ed8ce900 nmethod 10261 0x000001f6d74dc590 code [0x000001f6d74dc740, 0x000001f6d74dc970]
Event: 853.138 Thread 0x000001f6ed8ce900 10263       3       java.lang.StringCoding::countPositives (33 bytes)
Event: 853.138 Thread 0x000001f6ed8ce900 nmethod 10263 0x000001f6d7445110 code [0x000001f6d74452c0, 0x000001f6d74454e8]
Event: 853.138 Thread 0x000001f6ed8ce900 10262       1       org.hibernate.sql.ast.tree.select.QueryPart::getFetchClauseType (5 bytes)
Event: 853.138 Thread 0x000001f6ed8ce900 nmethod 10262 0x000001f6def25290 code [0x000001f6def25420, 0x000001f6def254f0]
Event: 853.139 Thread 0x000001f6ed8ce900 10264       3       org.postgresql.core.PGStream::increaseByteCounter (75 bytes)
Event: 853.140 Thread 0x000001f6ed8ce900 nmethod 10264 0x000001f6d768a590 code [0x000001f6d768a7c0, 0x000001f6d768b008]
Event: 853.141 Thread 0x000001f6ed8ce900 10265       3       org.jboss.logging.Slf4jLoggerProvider::getLogger (35 bytes)
Event: 853.142 Thread 0x000001f6ed8ce900 nmethod 10265 0x000001f6d76cc210 code [0x000001f6d76cc440, 0x000001f6d76ccd68]
Event: 853.142 Thread 0x000001f6ed8ce900 10266       3       org.jboss.logging.Slf4jLocationAwareLogger::<init> (11 bytes)
Event: 853.142 Thread 0x000001f6ed8ce900 nmethod 10266 0x000001f6d7483b10 code [0x000001f6d7483cc0, 0x000001f6d7483f50]
Event: 853.142 Thread 0x000001f6ed8ce900 10267       3       org.jboss.logging.Logger::<init> (10 bytes)
Event: 853.142 Thread 0x000001f6ed8ce900 nmethod 10267 0x000001f6d7544b90 code [0x000001f6d7544d20, 0x000001f6d7544ee0]

GC Heap History (20 events):
Event: 49.290 GC heap before
{Heap before GC invocations=22 (full 1):
 garbage-first heap   total 61440K, used 51518K [0x0000000702600000, 0x0000000800000000)
  region size 2048K, 11 young (22528K), 0 survivors (0K)
 Metaspace       used 78193K, committed 78976K, reserved 1179648K
  class space    used 10799K, committed 11136K, reserved 1048576K
}
Event: 49.292 GC heap after
{Heap after GC invocations=23 (full 1):
 garbage-first heap   total 61440K, used 31583K [0x0000000702600000, 0x0000000800000000)
  region size 2048K, 2 young (4096K), 2 survivors (4096K)
 Metaspace       used 78193K, committed 78976K, reserved 1179648K
  class space    used 10799K, committed 11136K, reserved 1048576K
}
Event: 50.087 GC heap before
{Heap before GC invocations=24 (full 1):
 garbage-first heap   total 61440K, used 47967K [0x0000000702600000, 0x0000000800000000)
  region size 2048K, 11 young (22528K), 2 survivors (4096K)
 Metaspace       used 78588K, committed 79360K, reserved 1179648K
  class space    used 10817K, committed 11200K, reserved 1048576K
}
Event: 50.093 GC heap after
{Heap after GC invocations=25 (full 1):
 garbage-first heap   total 61440K, used 33027K [0x0000000702600000, 0x0000000800000000)
  region size 2048K, 1 young (2048K), 1 survivors (2048K)
 Metaspace       used 78588K, committed 79360K, reserved 1179648K
  class space    used 10817K, committed 11200K, reserved 1048576K
}
Event: 51.409 GC heap before
{Heap before GC invocations=25 (full 1):
 garbage-first heap   total 61440K, used 53507K [0x0000000702600000, 0x0000000800000000)
  region size 2048K, 11 young (22528K), 1 survivors (2048K)
 Metaspace       used 78963K, committed 79744K, reserved 1179648K
  class space    used 10832K, committed 11200K, reserved 1048576K
}
Event: 51.417 GC heap after
{Heap after GC invocations=26 (full 1):
 garbage-first heap   total 61440K, used 34384K [0x0000000702600000, 0x0000000800000000)
  region size 2048K, 2 young (4096K), 2 survivors (4096K)
 Metaspace       used 78963K, committed 79744K, reserved 1179648K
  class space    used 10832K, committed 11200K, reserved 1048576K
}
Event: 52.320 GC heap before
{Heap before GC invocations=26 (full 1):
 garbage-first heap   total 61440K, used 50768K [0x0000000702600000, 0x0000000800000000)
  region size 2048K, 10 young (20480K), 2 survivors (4096K)
 Metaspace       used 79410K, committed 80128K, reserved 1179648K
  class space    used 10850K, committed 11200K, reserved 1048576K
}
Event: 52.329 GC heap after
{Heap after GC invocations=27 (full 1):
 garbage-first heap   total 61440K, used 35075K [0x0000000702600000, 0x0000000800000000)
  region size 2048K, 2 young (4096K), 2 survivors (4096K)
 Metaspace       used 79410K, committed 80128K, reserved 1179648K
  class space    used 10850K, committed 11200K, reserved 1048576K
}
Event: 53.013 GC heap before
{Heap before GC invocations=28 (full 1):
 garbage-first heap   total 69632K, used 47363K [0x0000000702600000, 0x0000000800000000)
  region size 2048K, 8 young (16384K), 2 survivors (4096K)
 Metaspace       used 79797K, committed 80640K, reserved 1179648K
  class space    used 10873K, committed 11264K, reserved 1048576K
}
Event: 53.020 GC heap after
{Heap after GC invocations=29 (full 1):
 garbage-first heap   total 69632K, used 37061K [0x0000000702600000, 0x0000000800000000)
  region size 2048K, 1 young (2048K), 1 survivors (2048K)
 Metaspace       used 79797K, committed 80640K, reserved 1179648K
  class space    used 10873K, committed 11264K, reserved 1048576K
}
Event: 54.358 GC heap before
{Heap before GC invocations=29 (full 1):
 garbage-first heap   total 69632K, used 59589K [0x0000000702600000, 0x0000000800000000)
  region size 2048K, 12 young (24576K), 1 survivors (2048K)
 Metaspace       used 80261K, committed 81024K, reserved 1179648K
  class space    used 10907K, committed 11264K, reserved 1048576K
}
Event: 54.366 GC heap after
{Heap after GC invocations=30 (full 1):
 garbage-first heap   total 69632K, used 38891K [0x0000000702600000, 0x0000000800000000)
  region size 2048K, 2 young (4096K), 2 survivors (4096K)
 Metaspace       used 80261K, committed 81024K, reserved 1179648K
  class space    used 10907K, committed 11264K, reserved 1048576K
}
Event: 107.537 GC heap before
{Heap before GC invocations=30 (full 1):
 garbage-first heap   total 69632K, used 55275K [0x0000000702600000, 0x0000000800000000)
  region size 2048K, 11 young (22528K), 2 survivors (4096K)
 Metaspace       used 83865K, committed 84672K, reserved 1179648K
  class space    used 11394K, committed 11776K, reserved 1048576K
}
Event: 107.542 GC heap after
{Heap after GC invocations=31 (full 1):
 garbage-first heap   total 69632K, used 39659K [0x0000000702600000, 0x0000000800000000)
  region size 2048K, 2 young (4096K), 2 survivors (4096K)
 Metaspace       used 83865K, committed 84672K, reserved 1179648K
  class space    used 11394K, committed 11776K, reserved 1048576K
}
Event: 295.071 GC heap before
{Heap before GC invocations=32 (full 1):
 garbage-first heap   total 71680K, used 58091K [0x0000000702600000, 0x0000000800000000)
  region size 2048K, 11 young (22528K), 2 survivors (4096K)
 Metaspace       used 83919K, committed 84736K, reserved 1179648K
  class space    used 11394K, committed 11776K, reserved 1048576K
}
Event: 295.075 GC heap after
{Heap after GC invocations=33 (full 1):
 garbage-first heap   total 71680K, used 39692K [0x0000000702600000, 0x0000000800000000)
  region size 2048K, 1 young (2048K), 1 survivors (2048K)
 Metaspace       used 83919K, committed 84736K, reserved 1179648K
  class space    used 11394K, committed 11776K, reserved 1048576K
}
Event: 525.494 GC heap before
{Heap before GC invocations=33 (full 1):
 garbage-first heap   total 71680K, used 62220K [0x0000000702600000, 0x0000000800000000)
  region size 2048K, 12 young (24576K), 1 survivors (2048K)
 Metaspace       used 83933K, committed 84736K, reserved 1179648K
  class space    used 11394K, committed 11776K, reserved 1048576K
}
Event: 525.498 GC heap after
{Heap after GC invocations=34 (full 1):
 garbage-first heap   total 71680K, used 38780K [0x0000000702600000, 0x0000000800000000)
  region size 2048K, 1 young (2048K), 1 survivors (2048K)
 Metaspace       used 83933K, committed 84736K, reserved 1179648K
  class space    used 11394K, committed 11776K, reserved 1048576K
}
Event: 755.379 GC heap before
{Heap before GC invocations=34 (full 1):
 garbage-first heap   total 71680K, used 61308K [0x0000000702600000, 0x0000000800000000)
  region size 2048K, 12 young (24576K), 1 survivors (2048K)
 Metaspace       used 83950K, committed 84800K, reserved 1179648K
  class space    used 11394K, committed 11776K, reserved 1048576K
}
Event: 755.381 GC heap after
{Heap after GC invocations=35 (full 1):
 garbage-first heap   total 71680K, used 38767K [0x0000000702600000, 0x0000000800000000)
  region size 2048K, 1 young (2048K), 1 survivors (2048K)
 Metaspace       used 83950K, committed 84800K, reserved 1179648K
  class space    used 11394K, committed 11776K, reserved 1048576K
}

Dll operation events (11 events):
Event: 0.012 Loaded shared library C:\Program Files\Java\jdk-21\bin\java.dll
Event: 0.072 Loaded shared library C:\Program Files\Java\jdk-21\bin\jsvml.dll
Event: 0.184 Loaded shared library C:\Program Files\Java\jdk-21\bin\net.dll
Event: 0.187 Loaded shared library C:\Program Files\Java\jdk-21\bin\nio.dll
Event: 0.191 Loaded shared library C:\Program Files\Java\jdk-21\bin\zip.dll
Event: 0.380 Loaded shared library C:\Program Files\Java\jdk-21\bin\jimage.dll
Event: 0.811 Loaded shared library C:\Program Files\Java\jdk-21\bin\management.dll
Event: 0.815 Loaded shared library C:\Program Files\Java\jdk-21\bin\management_ext.dll
Event: 2.839 Loaded shared library C:\Program Files\Java\jdk-21\bin\sunmscapi.dll
Event: 6.736 Loaded shared library C:\Program Files\Java\jdk-21\bin\verify.dll
Event: 7.382 Loaded shared library C:\Program Files\Java\jdk-21\bin\extnet.dll

Deoptimization events (20 events):
Event: 99.609 Thread 0x000001f6f3223fd0 Uncommon trap: trap_request=0xffffff45 fr.pc=0x000001f6df22a754 relative=0x0000000000000614
Event: 99.609 Thread 0x000001f6f3223fd0 Uncommon trap: reason=unstable_if action=reinterpret pc=0x000001f6df22a754 method=java.util.ArrayList.toArray([Ljava/lang/Object;)[Ljava/lang/Object; @ 45 c2
Event: 99.609 Thread 0x000001f6f3223fd0 DEOPT PACKING pc=0x000001f6df22a754 sp=0x00000057705fc020
Event: 99.609 Thread 0x000001f6f3223fd0 DEOPT UNPACKING pc=0x000001f6de9c46a2 sp=0x00000057705fc028 mode 2
Event: 99.624 Thread 0x000001f6f3223fd0 Uncommon trap: trap_request=0xffffff45 fr.pc=0x000001f6def155f0 relative=0x0000000000000150
Event: 99.624 Thread 0x000001f6f3223fd0 Uncommon trap: reason=unstable_if action=reinterpret pc=0x000001f6def155f0 method=java.lang.StringCoding.countPositives([BII)I @ 17 c2
Event: 99.624 Thread 0x000001f6f3223fd0 DEOPT PACKING pc=0x000001f6def155f0 sp=0x00000057705fb470
Event: 99.624 Thread 0x000001f6f3223fd0 DEOPT UNPACKING pc=0x000001f6de9c46a2 sp=0x00000057705fb3f8 mode 2
Event: 99.638 Thread 0x000001f6f3223fd0 Uncommon trap: trap_request=0xffffffde fr.pc=0x000001f6df46da5c relative=0x000000000000123c
Event: 99.638 Thread 0x000001f6f3223fd0 Uncommon trap: reason=class_check action=maybe_recompile pc=0x000001f6df46da5c method=org.springframework.core.MethodParameter.getGenericParameterType()Ljava/lang/reflect/Type; @ 17 c2
Event: 99.638 Thread 0x000001f6f3223fd0 DEOPT PACKING pc=0x000001f6df46da5c sp=0x00000057705fbd20
Event: 99.638 Thread 0x000001f6f3223fd0 DEOPT UNPACKING pc=0x000001f6de9c46a2 sp=0x00000057705fbd08 mode 2
Event: 853.107 Thread 0x000001f6f3225a10 Uncommon trap: trap_request=0xffffff45 fr.pc=0x000001f6defcab58 relative=0x00000000000001b8
Event: 853.107 Thread 0x000001f6f3225a10 Uncommon trap: reason=unstable_if action=reinterpret pc=0x000001f6defcab58 method=java.lang.StringLatin1.indexOf([B[B)I @ 9 c2
Event: 853.107 Thread 0x000001f6f3225a10 DEOPT PACKING pc=0x000001f6defcab58 sp=0x00000057707fdc40
Event: 853.107 Thread 0x000001f6f3225a10 DEOPT UNPACKING pc=0x000001f6de9c46a2 sp=0x00000057707fdbc0 mode 2
Event: 853.116 Thread 0x000001f6f3225a10 Uncommon trap: trap_request=0xffffff66 fr.pc=0x000001f6df2fb6dc relative=0x000000000000195c
Event: 853.116 Thread 0x000001f6f3225a10 Uncommon trap: reason=speculate_class_check action=maybe_recompile pc=0x000001f6df2fb6dc method=org.springframework.transaction.interceptor.AbstractFallbackTransactionAttributeSource.getTransactionAttribute(Ljava/lang/reflect/Method;Ljava/lang/Class;)Lorg
Event: 853.116 Thread 0x000001f6f3225a10 DEOPT PACKING pc=0x000001f6df2fb6dc sp=0x00000057707fb890
Event: 853.116 Thread 0x000001f6f3225a10 DEOPT UNPACKING pc=0x000001f6de9c46a2 sp=0x00000057707fb878 mode 2

Classes loaded (20 events):
Event: 99.172 Loading class java/util/concurrent/Semaphore$Sync done
Event: 99.172 Loading class java/util/concurrent/Semaphore$NonfairSync done
Event: 99.172 Loading class sun/nio/ch/SocketAdaptor
Event: 99.172 Loading class sun/nio/ch/SocketAdaptor done
Event: 99.172 Loading class sun/nio/ch/SocketChannelImpl$DefaultOptionsHolder
Event: 99.173 Loading class sun/nio/ch/SocketChannelImpl$DefaultOptionsHolder done
Event: 99.173 Loading class sun/nio/ch/SelectionKeyImpl
Event: 99.173 Loading class java/nio/channels/spi/AbstractSelectionKey
Event: 99.174 Loading class java/nio/channels/SelectionKey
Event: 99.174 Loading class java/nio/channels/SelectionKey done
Event: 99.174 Loading class java/nio/channels/spi/AbstractSelectionKey done
Event: 99.174 Loading class sun/nio/ch/SelectionKeyImpl done
Event: 99.174 Loading class java/lang/invoke/ConstantBootstraps
Event: 99.174 Loading class java/lang/invoke/ConstantBootstraps done
Event: 99.491 Loading class java/util/AbstractMap$SimpleEntry
Event: 99.491 Loading class java/util/AbstractMap$SimpleEntry done
Event: 99.628 Loading class java/time/format/DateTimeFormatterBuilder$ZoneTextPrinterParser
Event: 99.628 Loading class java/time/format/DateTimeFormatterBuilder$ZoneTextPrinterParser done
Event: 99.628 Loading class java/time/format/DateTimeFormatterBuilder$ReducedPrinterParser
Event: 99.628 Loading class java/time/format/DateTimeFormatterBuilder$ReducedPrinterParser done

Classes unloaded (13 events):
Event: 48.193 Thread 0x000001f6ed854ea0 Unloading class 0x000001f681a1bc00 'jdk/internal/reflect/GeneratedSerializationConstructorAccessor6'
Event: 48.193 Thread 0x000001f6ed854ea0 Unloading class 0x000001f681a19000 'jdk/internal/reflect/GeneratedSerializationConstructorAccessor5'
Event: 48.193 Thread 0x000001f6ed854ea0 Unloading class 0x000001f681a14800 'jdk/internal/reflect/GeneratedSerializationConstructorAccessor4'
Event: 48.193 Thread 0x000001f6ed854ea0 Unloading class 0x000001f681a12c00 'jdk/internal/reflect/GeneratedSerializationConstructorAccessor3'
Event: 48.193 Thread 0x000001f6ed854ea0 Unloading class 0x000001f681a12800 'jdk/internal/reflect/GeneratedSerializationConstructorAccessor2'
Event: 48.193 Thread 0x000001f6ed854ea0 Unloading class 0x000001f681a10800 'jdk/internal/reflect/GeneratedSerializationConstructorAccessor1'
Event: 107.611 Thread 0x000001f6ed854ea0 Unloading class 0x000001f681b0c000 'org/apache/catalina/loader/JdbcLeakPrevention'
Event: 755.460 Thread 0x000001f6ed854ea0 Unloading class 0x000001f681b2c400 'jdk/internal/reflect/GeneratedSerializationConstructorAccessor12'
Event: 755.460 Thread 0x000001f6ed854ea0 Unloading class 0x000001f681b29c00 'jdk/internal/reflect/GeneratedSerializationConstructorAccessor11'
Event: 755.460 Thread 0x000001f6ed854ea0 Unloading class 0x000001f681b23400 'jdk/internal/reflect/GeneratedSerializationConstructorAccessor10'
Event: 755.460 Thread 0x000001f6ed854ea0 Unloading class 0x000001f681b21c00 'jdk/internal/reflect/GeneratedSerializationConstructorAccessor9'
Event: 755.460 Thread 0x000001f6ed854ea0 Unloading class 0x000001f681b21800 'jdk/internal/reflect/GeneratedSerializationConstructorAccessor8'
Event: 755.460 Thread 0x000001f6ed854ea0 Unloading class 0x000001f681b1c800 'jdk/internal/reflect/GeneratedSerializationConstructorAccessor7'

Classes redefined (0 events):
No events

Internal exceptions (20 events):
Event: 14.359 Thread 0x000001f6f2468160 Exception <a 'java/lang/NoSuchMethodError'{0x000000070eb840d0}: 'java.lang.Object java.lang.invoke.DirectMethodHandle$Holder.invokeSpecial(java.lang.Object, java.lang.Object, int, java.lang.Object, int, java.lang.Object)'> (0x000000070eb840d0) 
thrown [s\open\src\hotspot\share\interpreter\linkResolver.cpp, line 773]
Event: 14.360 Thread 0x000001f6f2468160 Exception <a 'java/lang/NoSuchMethodError'{0x000000070eb8b130}: 'java.lang.Object java.lang.invoke.DirectMethodHandle$Holder.newInvokeSpecial(java.lang.Object, java.lang.Object, int, java.lang.Object, int)'> (0x000000070eb8b130) 
thrown [s\open\src\hotspot\share\interpreter\linkResolver.cpp, line 773]
Event: 14.360 Thread 0x000001f6f2468160 Exception <a 'java/lang/NoSuchMethodError'{0x000000070eb8ef58}: 'java.lang.Object java.lang.invoke.DirectMethodHandle$Holder.invokeSpecial(java.lang.Object, java.lang.Object, java.lang.Object, int, java.lang.Object, int)'> (0x000000070eb8ef58) 
thrown [s\open\src\hotspot\share\interpreter\linkResolver.cpp, line 773]
Event: 48.153 Thread 0x000001f6f3223fd0 Exception <a 'java/lang/InterruptedException'{0x0000000705382098}: sleep interrupted> (0x0000000705382098) 
thrown [s\open\src\hotspot\share\prims\jvm.cpp, line 3074]
Event: 48.318 Thread 0x000001f6f3226730 Exception <a 'sun/nio/fs/WindowsException'{0x000000071228b7e0}> (0x000000071228b7e0) 
thrown [s\open\src\hotspot\share\prims\jni.cpp, line 520]
Event: 49.813 Thread 0x000001f6f3226730 Exception <a 'java/lang/NoClassDefFoundError'{0x000000070ebae590}: org/flywaydb/core/Flyway> (0x000000070ebae590) 
thrown [s\open\src\hotspot\share\oops\constantPool.cpp, line 873]
Event: 49.813 Thread 0x000001f6f3226730 Exception <a 'java/lang/NoClassDefFoundError'{0x000000070ebaebf0}: liquibase/integration/spring/SpringLiquibase> (0x000000070ebaebf0) 
thrown [s\open\src\hotspot\share\oops\constantPool.cpp, line 873]
Event: 49.847 Thread 0x000001f6f3226730 Exception <a 'java/lang/NoClassDefFoundError'{0x000000070562a080}: org/jooq/DSLContext> (0x000000070562a080) 
thrown [s\open\src\hotspot\share\oops\constantPool.cpp, line 873]
Event: 49.848 Thread 0x000001f6f3226730 Exception <a 'java/lang/NoClassDefFoundError'{0x0000000705637c40}: org/springframework/batch/core/repository/JobRepository> (0x0000000705637c40) 
thrown [s\open\src\hotspot\share\oops\constantPool.cpp, line 873]
Event: 49.848 Thread 0x000001f6f3226730 Exception <a 'java/lang/NoClassDefFoundError'{0x0000000705638298}: org/quartz/Scheduler> (0x0000000705638298) 
thrown [s\open\src\hotspot\share\oops\constantPool.cpp, line 873]
Event: 49.848 Thread 0x000001f6f3226730 Exception <a 'java/lang/NoClassDefFoundError'{0x0000000705638918}: org/springframework/session/jdbc/JdbcIndexedSessionRepository> (0x0000000705638918) 
thrown [s\open\src\hotspot\share\oops\constantPool.cpp, line 873]
Event: 49.898 Thread 0x000001f6f3226730 Implicit null exception at 0x000001f6df1abb40 to 0x000001f6df1ae1f4
Event: 50.075 Thread 0x000001f6f3226730 Exception <a 'java/io/FileNotFoundException'{0x0000000705139540}> (0x0000000705139540) 
thrown [s\open\src\hotspot\share\prims\jni.cpp, line 520]
Event: 50.137 Thread 0x000001f6f3226730 Exception <a 'java/io/FileNotFoundException'{0x000000071235d4c0}> (0x000000071235d4c0) 
thrown [s\open\src\hotspot\share\prims\jni.cpp, line 520]
Event: 50.375 Thread 0x000001f6f3226730 Implicit null exception at 0x000001f6df1d33c8 to 0x000001f6df1d3894
Event: 54.113 Thread 0x000001f6f3226730 Implicit null exception at 0x000001f6df4419c0 to 0x000001f6df44257c
Event: 99.245 Thread 0x000001f6f3224660 Exception <a 'java/lang/NoSuchMethodError'{0x000000070ece5340}: 'java.lang.Object java.lang.invoke.DirectMethodHandle$Holder.invokeSpecial(java.lang.Object, java.lang.Object, java.lang.Object, java.lang.Object, java.lang.Object, long)'> (0x000000070ece5340) 
thrown [s\open\src\hotspot\share\interpreter\linkResolver.cpp, line 773]
Event: 99.246 Thread 0x000001f6f3224660 Exception <a 'java/lang/NoSuchMethodError'{0x000000070ece8ab8}: 'java.lang.Object java.lang.invoke.Invokers$Holder.linkToTargetMethod(java.lang.Object, java.lang.Object, java.lang.Object, long, java.lang.Object)'> (0x000000070ece8ab8) 
thrown [s\open\src\hotspot\share\interpreter\linkResolver.cpp, line 773]
Event: 99.452 Thread 0x000001f6f3223fd0 Exception <a 'java/lang/IncompatibleClassChangeError'{0x0000000705fbe320}: Found class java.lang.Object, but interface was expected> (0x0000000705fbe320) 
thrown [s\open\src\hotspot\share\interpreter\linkResolver.cpp, line 840]
Event: 99.513 Thread 0x000001f6f3223fd0 Exception <a 'java/lang/NoSuchMethodError'{0x0000000705d76738}: 'void java.lang.invoke.DirectMethodHandle$Holder.invokeSpecialIFC(java.lang.Object, java.lang.Object, int, java.lang.Object, java.lang.Object, java.lang.Object, java.lang.Object)'> (0x0000000705d76738) 
thrown [s\open\src\hotspot\share\interpreter\linkResolver.cpp, line 773]

ZGC Phase Switch (0 events):
No events

VM Operations (20 events):
Event: 295.071 Executing VM operation: G1CollectForAllocation (G1 Evacuation Pause)
Event: 295.075 Executing VM operation: G1CollectForAllocation (G1 Evacuation Pause) done
Event: 422.242 Executing VM operation: Cleanup
Event: 422.242 Executing VM operation: Cleanup done
Event: 525.494 Executing VM operation: G1CollectForAllocation (G1 Evacuation Pause)
Event: 525.498 Executing VM operation: G1CollectForAllocation (G1 Evacuation Pause) done
Event: 602.277 Executing VM operation: Cleanup
Event: 602.277 Executing VM operation: Cleanup done
Event: 603.288 Executing VM operation: Cleanup
Event: 603.288 Executing VM operation: Cleanup done
Event: 662.868 Executing VM operation: Cleanup
Event: 662.868 Executing VM operation: Cleanup done
Event: 704.314 Executing VM operation: Cleanup
Event: 704.314 Executing VM operation: Cleanup done
Event: 755.379 Executing VM operation: G1CollectForAllocation (G1 Evacuation Pause)
Event: 755.382 Executing VM operation: G1CollectForAllocation (G1 Evacuation Pause) done
Event: 755.460 Executing VM operation: G1PauseRemark
Event: 755.474 Executing VM operation: G1PauseRemark done
Event: 755.517 Executing VM operation: G1PauseCleanup
Event: 755.517 Executing VM operation: G1PauseCleanup done

Events (20 events):
Event: 755.473 Thread 0x000001f6ed854ea0 flushing nmethod 0x000001f6d7e64190
Event: 755.473 Thread 0x000001f6ed854ea0 flushing nmethod 0x000001f6d7e64710
Event: 755.473 Thread 0x000001f6ed854ea0 flushing nmethod 0x000001f6d7e69f10
Event: 755.473 Thread 0x000001f6ed854ea0 flushing nmethod 0x000001f6d7e8f410
Event: 755.473 Thread 0x000001f6ed854ea0 flushing nmethod 0x000001f6d7ecf590
Event: 755.473 Thread 0x000001f6ed854ea0 flushing nmethod 0x000001f6d7ed1c90
Event: 755.473 Thread 0x000001f6ed854ea0 flushing nmethod 0x000001f6d7ed2410
Event: 755.473 Thread 0x000001f6ed854ea0 flushing nmethod 0x000001f6d7ef3890
Event: 755.473 Thread 0x000001f6ed854ea0 flushing nmethod 0x000001f6d7ef4290
Event: 755.473 Thread 0x000001f6ed854ea0 flushing nmethod 0x000001f6d7f25610
Event: 755.473 Thread 0x000001f6ed854ea0 flushing nmethod 0x000001f6d7f48f90
Event: 755.473 Thread 0x000001f6ed854ea0 flushing nmethod 0x000001f6d7f49710
Event: 755.473 Thread 0x000001f6ed854ea0 flushing nmethod 0x000001f6d7f85510
Event: 755.473 Thread 0x000001f6ed854ea0 flushing nmethod 0x000001f6d7f94490
Event: 755.473 Thread 0x000001f6ed854ea0 flushing nmethod 0x000001f6d80ce790
Event: 755.473 Thread 0x000001f6ed854ea0 flushing nmethod 0x000001f6d80d1010
Event: 755.473 Thread 0x000001f6ed854ea0 flushing nmethod 0x000001f6d8166710
Event: 755.473 Thread 0x000001f6ed854ea0 flushing nmethod 0x000001f6d81d2390
Event: 755.473 Thread 0x000001f6ed854ea0 flushing nmethod 0x000001f6d840ef10
Event: 755.473 Thread 0x000001f6ed854ea0 flushing nmethod 0x000001f6d8468490


Dynamic libraries:
0x00007ff75b010000 - 0x00007ff75b020000 	C:\Program Files\Java\jdk-21\bin\javaw.exe
0x00007ffe000d0000 - 0x00007ffe002c8000 	C:\Windows\SYSTEM32\ntdll.dll
0x00007ffdffe40000 - 0x00007ffdfff02000 	C:\Windows\System32\KERNEL32.DLL
0x00007ffdfddf0000 - 0x00007ffdfe0e6000 	C:\Windows\System32\KERNELBASE.dll
0x00007ffdfd800000 - 0x00007ffdfd900000 	C:\Windows\System32\ucrtbase.dll
0x00007ffddca30000 - 0x00007ffddca49000 	C:\Program Files\Java\jdk-21\bin\jli.dll
0x00007ffdfe150000 - 0x00007ffdfe201000 	C:\Windows\System32\ADVAPI32.dll
0x00007ffdff120000 - 0x00007ffdff1be000 	C:\Windows\System32\msvcrt.dll
0x00007ffdfff10000 - 0x00007ffdfffaf000 	C:\Windows\System32\sechost.dll
0x00007ffdfe750000 - 0x00007ffdfe870000 	C:\Windows\System32\RPCRT4.dll
0x00007ffdfddc0000 - 0x00007ffdfdde7000 	C:\Windows\System32\bcrypt.dll
0x00007ffdfe470000 - 0x00007ffdfe611000 	C:\Windows\System32\USER32.dll
0x00007ffdfdbc0000 - 0x00007ffdfdbe2000 	C:\Windows\System32\win32u.dll
0x00007ffdfe330000 - 0x00007ffdfe35b000 	C:\Windows\System32\GDI32.dll
0x00007ffdfdca0000 - 0x00007ffdfddb9000 	C:\Windows\System32\gdi32full.dll
0x00007ffdfd760000 - 0x00007ffdfd7fd000 	C:\Windows\System32\msvcp_win.dll
0x00007ffdc8860000 - 0x00007ffdc887b000 	C:\Program Files\Java\jdk-21\bin\VCRUNTIME140.dll
0x00007ffde6f30000 - 0x00007ffde71cb000 	C:\Windows\WinSxS\amd64_microsoft.windows.common-controls_6595b64144ccf1df_6.0.19041.6456_none_60b8a6cb71f64256\COMCTL32.dll
0x00007ffdf2510000 - 0x00007ffdf251a000 	C:\Windows\SYSTEM32\VERSION.dll
0x00007ffdfee90000 - 0x00007ffdfeebf000 	C:\Windows\System32\IMM32.DLL
0x00007ffdf6e60000 - 0x00007ffdf6e6c000 	C:\Program Files\Java\jdk-21\bin\vcruntime140_1.dll
0x00007ffdb8e40000 - 0x00007ffdb8ece000 	C:\Program Files\Java\jdk-21\bin\msvcp140.dll
0x00007ffd4cee0000 - 0x00007ffd4dbf3000 	C:\Program Files\Java\jdk-21\bin\server\jvm.dll
0x00007ffdff250000 - 0x00007ffdff2bb000 	C:\Windows\System32\WS2_32.dll
0x00007ffdfd510000 - 0x00007ffdfd55b000 	C:\Windows\SYSTEM32\POWRPROF.dll
0x00007ffde4a00000 - 0x00007ffde4a27000 	C:\Windows\SYSTEM32\WINMM.dll
0x00007ffdfd4f0000 - 0x00007ffdfd502000 	C:\Windows\SYSTEM32\UMPDC.dll
0x00007ffdfbf70000 - 0x00007ffdfbf82000 	C:\Windows\SYSTEM32\kernel.appcore.dll
0x00007ffdf6930000 - 0x00007ffdf693a000 	C:\Program Files\Java\jdk-21\bin\jimage.dll
0x00007ffdf7470000 - 0x00007ffdf7671000 	C:\Windows\SYSTEM32\DBGHELP.DLL
0x00007ffde79f0000 - 0x00007ffde7a24000 	C:\Windows\SYSTEM32\dbgcore.DLL
0x00007ffdfdb30000 - 0x00007ffdfdbb2000 	C:\Windows\System32\bcryptPrimitives.dll
0x00007ffdc75e0000 - 0x00007ffdc75ff000 	C:\Program Files\Java\jdk-21\bin\java.dll
0x00007ffdff650000 - 0x00007ffdffdc0000 	C:\Windows\System32\SHELL32.dll
0x00007ffdfb7b0000 - 0x00007ffdfbf55000 	C:\Windows\SYSTEM32\windows.storage.dll
0x00007ffdff2c0000 - 0x00007ffdff614000 	C:\Windows\System32\combase.dll
0x00007ffdfd120000 - 0x00007ffdfd14b000 	C:\Windows\SYSTEM32\Wldp.dll
0x00007ffdfe870000 - 0x00007ffdfe93d000 	C:\Windows\System32\OLEAUT32.dll
0x00007ffdfeec0000 - 0x00007ffdfef6d000 	C:\Windows\System32\SHCORE.dll
0x00007ffdfe360000 - 0x00007ffdfe3bb000 	C:\Windows\System32\shlwapi.dll
0x00007ffdfd690000 - 0x00007ffdfd6b4000 	C:\Windows\SYSTEM32\profapi.dll
0x00007ffd84850000 - 0x00007ffd84927000 	C:\Program Files\Java\jdk-21\bin\jsvml.dll
0x00007ffdf2380000 - 0x00007ffdf2390000 	C:\Program Files\Java\jdk-21\bin\net.dll
0x00007ffdf0020000 - 0x00007ffdf012a000 	C:\Windows\SYSTEM32\WINHTTP.dll
0x00007ffdfce10000 - 0x00007ffdfce7a000 	C:\Windows\system32\mswsock.dll
0x00007ffdc7450000 - 0x00007ffdc7466000 	C:\Program Files\Java\jdk-21\bin\nio.dll
0x00007ffdc7070000 - 0x00007ffdc7088000 	C:\Program Files\Java\jdk-21\bin\zip.dll
0x00007ffde98b0000 - 0x00007ffde98ba000 	C:\Program Files\Java\jdk-21\bin\management.dll
0x00007ffddee90000 - 0x00007ffddee9b000 	C:\Program Files\Java\jdk-21\bin\management_ext.dll
0x00007ffe00080000 - 0x00007ffe00088000 	C:\Windows\System32\PSAPI.DLL
0x00007ffddd1e0000 - 0x00007ffddd1ee000 	C:\Program Files\Java\jdk-21\bin\sunmscapi.dll
0x00007ffdfd980000 - 0x00007ffdfdadd000 	C:\Windows\System32\CRYPT32.dll
0x00007ffdfd190000 - 0x00007ffdfd1b7000 	C:\Windows\SYSTEM32\ncrypt.dll
0x00007ffdfd150000 - 0x00007ffdfd18b000 	C:\Windows\SYSTEM32\NTASN1.dll
0x00007ffdfd070000 - 0x00007ffdfd088000 	C:\Windows\SYSTEM32\CRYPTSP.dll
0x00007ffdfc730000 - 0x00007ffdfc768000 	C:\Windows\system32\rsaenh.dll
0x00007ffdfd650000 - 0x00007ffdfd67e000 	C:\Windows\SYSTEM32\USERENV.dll
0x00007ffdfd090000 - 0x00007ffdfd09c000 	C:\Windows\SYSTEM32\CRYPTBASE.dll
0x00007ffdfcaf0000 - 0x00007ffdfcb2b000 	C:\Windows\SYSTEM32\IPHLPAPI.DLL
0x00007ffe00070000 - 0x00007ffe00078000 	C:\Windows\System32\NSI.dll
0x00007ffdfb050000 - 0x00007ffdfb060000 	C:\Program Files\Java\jdk-21\bin\verify.dll
0x00007ffdfcb30000 - 0x00007ffdfcbfa000 	C:\Windows\SYSTEM32\DNSAPI.dll
0x00007ffdea680000 - 0x00007ffdea68a000 	C:\Windows\System32\rasadhlp.dll
0x00007ffdea900000 - 0x00007ffdea980000 	C:\Windows\System32\fwpuclnt.dll
0x00007ffdf6eb0000 - 0x00007ffdf6eb9000 	C:\Program Files\Java\jdk-21\bin\extnet.dll
0x00007ffdbaae0000 - 0x00007ffdbaae7000 	C:\Windows\system32\wshunix.dll

dbghelp: loaded successfully - version: 4.0.5 - missing functions: none
symbol engine: initialized successfully - sym options: 0x614 - pdb path: .;C:\Program Files\Java\jdk-21\bin;C:\Windows\SYSTEM32;C:\Windows\WinSxS\amd64_microsoft.windows.common-controls_6595b64144ccf1df_6.0.19041.6456_none_60b8a6cb71f64256;C:\Program Files\Java\jdk-21\bin\server

VM Arguments:
jvm_args: -Dfile.encoding=UTF-8 -Dstdout.encoding=UTF-8 -Dstderr.encoding=UTF-8 -XX:+ShowCodeDetailsInExceptionMessages 
java_command: com.hackthon.HackthonApplication
java_class_path (initial): C:\Users\HP\Downloads\hackthon\target\classes;C:\Users\HP\.m2\repository\org\springframework\boot\spring-boot-starter-web\3.3.0\spring-boot-starter-web-3.3.0.jar;C:\Users\HP\.m2\repository\org\springframework\boot\spring-boot-starter\3.3.0\spring-boot-starter-3.3.0.jar;C:\Users\HP\.m2\repository\org\springframework\boot\spring-boot-starter-logging\3.3.0\spring-boot-starter-logging-3.3.0.jar;C:\Users\HP\.m2\repository\ch\qos\logback\logback-classic\1.5.6\logback-classic-1.5.6.jar;C:\Users\HP\.m2\repository\ch\qos\logback\logback-core\1.5.6\logback-core-1.5.6.jar;C:\Users\HP\.m2\repository\org\apache\logging\log4j\log4j-to-slf4j\2.23.1\log4j-to-slf4j-2.23.1.jar;C:\Users\HP\.m2\repository\org\apache\logging\log4j\log4j-api\2.23.1\log4j-api-2.23.1.jar;C:\Users\HP\.m2\repository\org\slf4j\jul-to-slf4j\2.0.13\jul-to-slf4j-2.0.13.jar;C:\Users\HP\.m2\repository\jakarta\annotation\jakarta.annotation-api\2.1.1\jakarta.annotation-api-2.1.1.jar;C:\Users\HP\.m2\repository\org\yaml\snakeyaml\2.2\snakeyaml-2.2.jar;C:\Users\HP\.m2\repository\org\springframework\boot\spring-boot-starter-json\3.3.0\spring-boot-starter-json-3.3.0.jar;C:\Users\HP\.m2\repository\com\fasterxml\jackson\datatype\jackson-datatype-jdk8\2.17.1\jackson-datatype-jdk8-2.17.1.jar;C:\Users\HP\.m2\repository\com\fasterxml\jackson\module\jackson-module-parameter-names\2.17.1\jackson-module-parameter-names-2.17.1.jar;C:\Users\HP\.m2\repository\org\springframework\boot\spring-boot-starter-tomcat\3.3.0\spring-boot-starter-tomcat-3.3.0.jar;C:\Users\HP\.m2\repository\org\apache\tomcat\embed\tomcat-embed-core\10.1.24\tomcat-embed-core-10.1.24.jar;C:\Users\HP\.m2\repository\org\apache\tomcat\embed\tomcat-embed-websocket\10.1.24\tomcat-embed-websocket-10.1.24.jar;C:\Users\HP\.m2\repository\org\springframework\spring-web\6.1.8\spring-web-6.1.8.jar;C:\Users\HP\.m2\repository\org\springframework\spring-beans\6.1.8\spring-beans-6.1.8.jar;C:\Users\HP\.m2\repository\io\micrometer\micrometer-observation\1.13.0\micrometer-observation-1.13.0.jar;C:\Users\HP\.m2\repository\io\micrometer\micrometer-commons\1.13.0\micrometer-commons-1.13.0.jar;C:\Users\HP\.m2\repository\org\springframework\spring-webmvc\6.1.8\spring-webmvc-6.1.8.jar;C:\Users\HP\.m2\repository\org\springframework\spring-expression\6.1.8\spring-expression-6.1.8.jar;C:\Users\HP\.m2\repository\org\springframework\ai\spring-ai-core\1.0.0-M1\spring-ai-core-1.0.0-M1.jar;C:\Users\HP\.m2\repository\io\swagger\core\v3\swagger-annotations\2.2.20\swagger-annotations-2.2.20.jar;C:\Users\HP\.m2\repository\com\github\victools\jsonschema-module-swagger-2\4.35.0\jsonschema-module-swagger-2-4.35.0.jar;C:\Users\HP\.m2\repository\org\slf4j\slf4j-api\2.0.13\slf4j-api-2.0.13.jar;C:\Users\HP\.m2\repository\org\springframework\cloud\spring-cloud-function-context\4.1.1\spring-cloud-function-context-4.1.1.jar;C:\Users\HP\.m2\repository\net\jodah\typetools\0.6.2\typetools-0.6.2.jar;C:\Users\HP\.m2\repository\org\springframework\cloud\spring-cloud-function-core\4.1.1\spring-cloud-function-core-4.1.1.jar;C:\Users\HP\.m2\repository\org\antlr\stringtemplate\4.0.2\stringtemplate-4.0.2.jar;C:\Users\HP\.m2\repository\org\antlr\antlr-runtime\3.3\antlr-runtime-3.3.jar;C:\Users\HP\.m2\repository\org\antlr\antlr4-runtime\4.13.1\antlr4-runtime-4.13.1.jar;C:\Users\HP\.m2\repository\io\projectreactor\reactor-core\3.6.6\reactor-core-3.6.6.jar;C:\Users\HP\.m2\repository\org\reactivestreams\reactive-streams\1.0.4\reactive-streams-1.0.4.jar;C:\Users\HP\.m2\repository\org\springframework\spring-context\6.1.8\spring-context-6.1.8.jar;C:\Users\HP\.m2\repository\org\springframework\spring-messaging\6.1.8\spring-messaging-6.1.8.jar;C:\Users\HP\.m2\repository\com\knuddels\jtokkit\1.0.0\jtokkit-1.0.0.jar;C:\Users\HP\.m2\repository\com\github\victools\jsonschema-generator\4.35.0\jsonschema-generator-4.35.0.jar;C:\Users\HP\.m2\repository\com\fasterxml\classmate\1.7.0\classmate-1.7.0.jar;C:\Users\HP\.m2\repository\com\github\victools\jsonschema-module-jackson\4.35.0\jsonschema-module-jackson-4.35.0.jar;C:\Users\HP\.m2\repository\com\fasterxml\jackson\core\jackson-databind\2.17.1\jackson-databind-2.17.1.jar;C:\Users\HP\.m2\repository\org\springframework\boot\spring-boot-starter-data-jpa\3.3.0\spring-boot-starter-data-jpa-3.3.0.jar;C:\Users\HP\.m2\repository\org\springframework\boot\spring-boot-starter-aop\3.3.0\spring-boot-starter-aop-3.3.0.jar;C:\Users\HP\.m2\repository\org\aspectj\aspectjweaver\1.9.22\aspectjweaver-1.9.22.jar;C:\Users\HP\.m2\repository\org\springframework\boot\spring-boot-starter-jdbc\3.3.0\spring-boot-starter-jdbc-3.3.0.jar;C:\Users\HP\.m2\repository\com\zaxxer\HikariCP\5.1.0\HikariCP-5.1.0.jar;C:\Users\HP\.m2\repository\org\springframework\spring-jdbc\6.1.8\spring-jdbc-6.1.8.jar;C:\Users\HP\.m2\repository\org\hibernate\orm\hibernate-core\6.5.2.Final\hibernate-core-6.5.2.Final.jar;C:\Users\HP\.m2\repository\jakarta\persistence\jakarta.persistence-api\3.1.0\jakarta.persistence-api-3.1.0.jar;C:\Users\HP\.m2\repository\org\jboss\logging\jboss-logging\3.5.3.Final\jboss-logging-3.5.3.Final.jar;C:\Users\HP\.m2\repository\org\hibernate\common\hibernate-commons-annotations\6.0.6.Final\hibernate-commons-annotations-6.0.6.Final.jar;C:\Users\HP\.m2\repository\io\smallrye\jandex\3.1.2\jandex-3.1.2.jar;C:\Users\HP\.m2\repository\net\bytebuddy\byte-buddy\1.14.16\byte-buddy-1.14.16.jar;C:\Users\HP\.m2\repository\org\glassfish\jaxb\jaxb-runtime\4.0.5\jaxb-runtime-4.0.5.jar;C:\Users\HP\.m2\repository\org\glassfish\jaxb\jaxb-core\4.0.5\jaxb-core-4.0.5.jar;C:\Users\HP\.m2\repository\org\eclipse\angus\angus-activation\2.0.2\angus-activation-2.0.2.jar;C:\Users\HP\.m2\repository\org\glassfish\jaxb\txw2\4.0.5\txw2-4.0.5.jar;C:\Users\HP\.m2\repository\com\sun\istack\istack-commons-runtime\4.1.2\istack-commons-runtime-4.1.2.jar;C:\Users\HP\.m2\repository\jakarta\inject\jakarta.inject-api\2.0.1\jakarta.inject-api-2.0.1.jar;C:\Users\HP\.m2\repository\org\springframework\data\spring-data-jpa\3.3.0\spring-data-jpa-3.3.0.jar;C:\Users\HP\.m2\repository\org\springframework\data\spring-data-commons\3.3.0\spring-data-commons-3.3.0.jar;C:\Users\HP\.m2\repository\org\springframework\spring-orm\6.1.8\spring-orm-6.1.8.jar;C:\Users\HP\.m2\repository\org\springframework\spring-tx\6.1.8\spring-tx-6.1.8.jar;C:\Users\HP\.m2\repository\org\springframework\spring-aspects\6.1.8\spring-aspects-6.1.8.jar;C:\Users\HP\.m2\repository\org\postgresql\postgresql\42.7.3\postgresql-42.7.3.jar;C:\Users\HP\.m2\repository\org\checkerframework\checker-qual\3.42.0\checker-qual-3.42.0.jar;C:\Users\HP\.m2\repository\org\springframework\boot\spring-boot-starter-security\3.3.0\spring-boot-starter-security-3.3.0.jar;C:\Users\HP\.m2\repository\org\springframework\spring-aop\6.1.8\spring-aop-6.1.8.jar;C:\Users\HP\.m2\repository\org\springframework\security\spring-security-config\6.3.0\spring-security-config-6.3.0.jar;C:\Users\HP\.m2\repository\org\springframework\security\spring-security-core\6.3.0\spring-security-core-6.3.0.jar;C:\Users\HP\.m2\repository\org\springframework\security\spring-security-crypto\6.3.0\spring-security-crypto-6.3.0.jar;C:\Users\HP\.m2\repository\org\springframework\security\spring-security-web\6.3.0\spring-security-web-6.3.0.jar;C:\Users\HP\.m2\repository\org\springframework\boot\spring-boot-starter-validation\3.3.0\spring-boot-starter-validation-3.3.0.jar;C:\Users\HP\.m2\repository\org\apache\tomcat\embed\tomcat-embed-el\10.1.24\tomcat-embed-el-10.1.24.jar;C:\Users\HP\.m2\repository\org\hibernate\validator\hibernate-validator\8.0.1.Final\hibernate-validator-8.0.1.Final.jar;C:\Users\HP\.m2\repository\jakarta\validation\jakarta.validation-api\3.0.2\jakarta.validation-api-3.0.2.jar;C:\Users\HP\.m2\repository\org\projectlombok\lombok\1.18.32\lombok-1.18.32.jar;C:\Users\HP\.m2\repository\com\fasterxml\jackson\datatype\jackson-datatype-jsr310\2.17.1\jackson-datatype-jsr310-2.17.1.jar;C:\Users\HP\.m2\repository\com\fasterxml\jackson\core\jackson-annotations\2.17.1\jackson-annotations-2.17.1.jar;C:\Users\HP\.m2\repository\com\fasterxml\jackson\core\jackson-core\2.17.1\jackson-core-2.17.1.jar;C:\Users\HP\.m2\repository\com\fasterxml\jackson\datatype\jackson-datatype-hibernate6\2.17.1\jackson-datatype-hibernate6-2.17.1.jar;C:\Users\HP\.m2\repository\jakarta\transaction\jakarta.transaction-api\2.0.1\jakarta.transaction-api-2.0.1.jar;C:\Users\HP\.m2\repository\org\springframework\boot\spring-boot-devtools\3.3.0\spring-boot-devtools-3.3.0.jar;C:\Users\HP\.m2\repository\org\springframework\boot\spring-boot\3.3.0\spring-boot-3.3.0.jar;C:\Users\HP\.m2\repository\org\springframework\boot\spring-boot-autoconfigure\3.3.0\spring-boot-autoconfigure-3.3.0.jar;C:\Users\HP\.m2\repository\jakarta\xml\bind\jakarta.xml.bind-api\4.0.2\jakarta.xml.bind-api-4.0.2.jar;C:\Users\HP\.m2\repository\jakarta\activation\jakarta.activation-api\2.1.3\jakarta.activation-api-2.1.3.jar;C:\Users\HP\.m2\repository\org\springframework\spring-core\6.1.8\spring-core-6.1.8.jar;C:\Users\HP\.m2\repository\org\springframework\spring-jcl\6.1.8\spring-jcl-6.1.8.jar
Launcher Type: SUN_STANDARD

[Global flags]
     intx CICompilerCount                          = 3                                         {product} {ergonomic}
     uint ConcGCThreads                            = 1                                         {product} {ergonomic}
     uint G1ConcRefinementThreads                  = 4                                         {product} {ergonomic}
   size_t G1HeapRegionSize                         = 2097152                                   {product} {ergonomic}
    uintx GCDrainStackTargetSize                   = 64                                        {product} {ergonomic}
   size_t InitialHeapSize                          = 266338304                                 {product} {ergonomic}
   size_t MarkStackSize                            = 4194304                                   {product} {ergonomic}
   size_t MaxHeapSize                              = 4255121408                                {product} {ergonomic}
   size_t MaxNewSize                               = 2552233984                                {product} {ergonomic}
   size_t MinHeapDeltaBytes                        = 2097152                                   {product} {ergonomic}
   size_t MinHeapSize                              = 8388608                                   {product} {ergonomic}
    uintx NonNMethodCodeHeapSize                   = 5832780                                {pd product} {ergonomic}
    uintx NonProfiledCodeHeapSize                  = 122912730                              {pd product} {ergonomic}
    uintx ProfiledCodeHeapSize                     = 122912730                              {pd product} {ergonomic}
    uintx ReservedCodeCacheSize                    = 251658240                              {pd product} {ergonomic}
     bool SegmentedCodeCache                       = true                                      {product} {ergonomic}
     bool ShowCodeDetailsInExceptionMessages       = true                                   {manageable} {command line}
   size_t SoftMaxHeapSize                          = 4255121408                             {manageable} {ergonomic}
     bool UseCompressedOops                        = true                           {product lp64_product} {ergonomic}
     bool UseG1GC                                  = true                                      {product} {ergonomic}
     bool UseLargePagesIndividualAllocation        = false                                  {pd product} {ergonomic}

Logging:
Log output configuration:
 #0: stdout all=warning uptime,level,tags foldmultilines=false
 #1: stderr all=off uptime,level,tags foldmultilines=false

Environment Variables:
PATH=C:/Users/HP/.p2/pool/plugins/org.eclipse.justj.openjdk.hotspot.jre.full.win32.x86_64_17.0.11.v20240426-1830/jre/bin/server;C:/Users/HP/.p2/pool/plugins/org.eclipse.justj.openjdk.hotspot.jre.full.win32.x86_64_17.0.11.v20240426-1830/jre/bin;C:\Program Files\Eclipse Adoptium\jdk-8.0.472.8-hotspot\bin;C:\Oracle\product\11.2.0\dbhome_1\bin;C:\Program Files\Common Files\Oracle\Java\javapath;C:\Program Files (x86)\Common Files\Oracle\Java\java8path;C:\Program Files (x86)\Common Files\Oracle\Java\javapath;C:\Program Files\Eclipse Adoptium\jdk-21.0.4.7-hotspot\bin;C:\Windows\system32;C:\Windows;C:\Windows\System32\Wbem;C:\Windows\System32\WindowsPowerShell\v1.0\;C:\Windows\System32\OpenSSH\;C:\Program Files (x86)\Microsoft SQL Server\160\Tools\Binn\;C:\Program Files\Microsoft SQL Server\160\Tools\Binn\;C:\Program Files\Microsoft SQL Server\Client SDK\ODBC\170\Tools\Binn\;C:\Program Files\Microsoft SQL Server\160\DTS\Binn\;c:\Program Files (x86)\Microsoft SQL Server\100\Tools\Binn\;c:\Program Files\Microsoft SQL Server\100\Tools\Binn\;c:\Program Files\Microsoft SQL Server\100\DTS\Binn\;C:\Program Files\Microsoft SQL Server\150\Tools\Binn\;C:\MinGW\bin;C:\Users\HP\AppData\Local\Programs\Python\Python312;C:\Users\HP\AppData\Local\Programs\Microsoft VS Code;C:\xampp\php;C:\ProgramData\ComposerSetup\bin;C:\ProgramData\chocolatey\bin;C:\Program Files\Git\cmd;C:\Program Files\cursor\resources\app\bin;C:\Program Files\dotnet\;C:\Users\HP\AppData\Local\Programs\Python\Python313\Scripts\;C:\Users\HP\AppData\Local\Programs\Python\Python313\;C:\Users\HP\AppData\Local\Microsoft\WindowsApps;C:\Users\HP\.dotnet\tools;C:\Users\HP\AppData\Local\Programs\Microsoft VS Code\bin;C:\Users\HP\AppData\Roaming\Composer\vendor\bin;C:\Users\HP\.fly\bin;C:\Users\HP\flutter_SDK\flutter\bin;C:\Users\HP\AppData\Local\Programs\Ollama;C:\Users\HP\AppData\Local\Programs\Antigravity\bin;C:\Windows\system32;
USERNAME=HP
OS=Windows_NT
PROCESSOR_IDENTIFIER=Intel64 Family 6 Model 78 Stepping 3, GenuineIntel
TMP=C:\Users\HP\AppData\Local\Temp
TEMP=C:\Users\HP\AppData\Local\Temp




Periodic native trim disabled

---------------  S Y S T E M  ---------------

OS:
 Windows 10 , 64 bit Build 19041 (10.0.19041.5915)
OS uptime: 6 days 22:36 hours

CPU: total 4 (initial active 4) (2 cores per cpu, 2 threads per core) family 6 model 78 stepping 3 microcode 0xcc, cx8, cmov, fxsr, ht, mmx, 3dnowpref, sse, sse2, sse3, ssse3, sse4.1, sse4.2, popcnt, lzcnt, tsc, tscinvbit, avx, avx2, aes, erms, clmul, bmi1, bmi2, rtm, adx, fma, vzeroupper, clflush, clflushopt, rdtscp, f16c
Processor Information for all 4 processors :
  Max Mhz: 2808, Current Mhz: 2607, Mhz Limit: 2583

Memory: 4k page, system-wide physical 16231M (3222M free)
TotalPageFile size 24540M (AvailPageFile size 457M)
current process WorkingSet (physical memory assigned to process): 274M, peak: 303M
current process commit charge ("private bytes"): 303M, peak: 396M

vm_info: Java HotSpot(TM) 64-Bit Server VM (21.0.4+8-LTS-274) for windows-amd64 JRE (21.0.4+8-LTS-274), built on 2024-06-05T05:23:33Z by "mach5one" with MS VC++ 17.6 (VS2022)

END.
